{"v":"5.9.4","fr":29.9700012207031,"ip":0,"op":120.0000048877,"w":1600,"h":1600,"nm":"Main Comp 2","ddd":0,"assets":[{"id":"comp_0","nm":"Composit","fr":29.9700012207031,"layers":[{"ddd":0,"ind":1,"ty":0,"nm":"A","refId":"comp_1","sr":1,"ks":{"o":{"a":0,"k":100,"ix":11},"r":{"a":0,"k":0,"ix":10},"p":{"a":0,"k":[800,600,0],"ix":2,"l":2},"a":{"a":0,"k":[800,600,0],"ix":1,"l":2},"s":{"a":0,"k":[100,100,100],"ix":6,"l":2}},"ao":0,"w":1600,"h":1200,"ip":0,"op":30.0000012219251,"st":-30.0000012219251,"bm":0},{"ddd":0,"ind":2,"ty":0,"nm":"B","refId":"comp_2","sr":1,"ks":{"o":{"a":0,"k":100,"ix":11},"r":{"a":0,"k":0,"ix":10},"p":{"a":0,"k":[800,600,0],"ix":2,"l":2},"a":{"a":0,"k":[800,600,0],"ix":1,"l":2},"s":{"a":0,"k":[100,100,100],"ix":6,"l":2}},"ao":0,"w":1600,"h":1200,"ip":15.0000006109625,"op":75.0000030548126,"st":15.0000006109625,"bm":0},{"ddd":0,"ind":3,"ty":0,"nm":"C","refId":"comp_3","sr":1,"ks":{"o":{"a":0,"k":100,"ix":11},"r":{"a":0,"k":0,"ix":10},"p":{"a":0,"k":[800,600,0],"ix":2,"l":2},"a":{"a":0,"k":[800,600,0],"ix":1,"l":2},"s":{"a":0,"k":[100,100,100],"ix":6,"l":2}},"ao":0,"w":1600,"h":1200,"ip":60.0000024438501,"op":120.0000048877,"st":60.0000024438501,"bm":0},{"ddd":0,"ind":4,"ty":0,"nm":"D","refId":"comp_4","sr":1,"ks":{"o":{"a":0,"k":100,"ix":11},"r":{"a":0,"k":0,"ix":10},"p":{"a":0,"k":[800,600,0],"ix":2,"l":2},"a":{"a":0,"k":[800,600,0],"ix":1,"l":2},"s":{"a":0,"k":[100,100,100],"ix":6,"l":2}},"ao":0,"w":1600,"h":1200,"ip":105.000004276738,"op":165.000006720588,"st":105.000004276738,"bm":0},{"ddd":0,"ind":5,"ty":0,"nm":"A","refId":"comp_1","sr":1,"ks":{"o":{"a":0,"k":100,"ix":11},"r":{"a":0,"k":0,"ix":10},"p":{"a":0,"k":[800,600,0],"ix":2,"l":2},"a":{"a":0,"k":[800,600,0],"ix":1,"l":2},"s":{"a":0,"k":[100,100,100],"ix":6,"l":2}},"ao":0,"w":1600,"h":1200,"ip":150.000006109625,"op":180.00000733155,"st":150.000006109625,"bm":0}]},{"id":"comp_1","nm":"A","fr":29.9700012207031,"layers":[{"ddd":0,"ind":1,"ty":4,"nm":"Face Mask","td":1,"sr":1,"ks":{"o":{"a":0,"k":100,"ix":11},"r":{"a":0,"k":0,"ix":10},"p":{"a":1,"k":[{"i":{"x":0.481,"y":1},"o":{"x":0.328,"y":0},"t":0,"s":[800,600,0],"to":[0,0,0],"ti":[0,0,0]},{"i":{"x":0.554,"y":0.98},"o":{"x":0.238,"y":0},"t":1,"s":[800,616,0],"to":[0,0,0],"ti":[0,0,0]},{"i":{"x":0.607,"y":0.971},"o":{"x":0.278,"y":0.016},"t":2,"s":[800,578.789,0],"to":[0,0,0],"ti":[0,0,0]},{"i":{"x":0.627,"y":0.967},"o":{"x":0.296,"y":0.038},"t":3,"s":[800,607.797,0],"to":[0,0,0],"ti":[0,0,0]},{"i":{"x":0.637,"y":0.986},"o":{"x":0.305,"y":0.014},"t":4,"s":[800,591.021,0],"to":[0,0,0],"ti":[0,0,0]},{"i":{"x":0.643,"y":0.984},"o":{"x":0.31,"y":0.01},"t":5.001,"s":[800,623.358,0],"to":[0,0,0],"ti":[0,0,0]},{"i":{"x":0.647,"y":0.98},"o":{"x":0.314,"y":0.019},"t":6,"s":[800,584.834,0],"to":[0,0,0],"ti":[0,0,0]},{"i":{"x":0.658,"y":0.964},"o":{"x":0.325,"y":0.035},"t":7,"s":[800,614.556,0],"to":[0,0,0],"ti":[0,0,0]},{"i":{"x":0.479,"y":0.988},"o":{"x":0.134,"y":0.018},"t":8,"s":[800,598.715,0],"to":[0,0,0],"ti":[0,0,0]},{"i":{"x":0,"y":1},"o":{"x":0.16,"y":0.003},"t":9,"s":[800,586.276,0],"to":[0,0,0],"ti":[0,0,0]},{"i":{"x":0.576,"y":0.576},"o":{"x":0.328,"y":0.328},"t":10,"s":[800,600,0],"to":[0,0,0],"ti":[0,0,0]},{"i":{"x":0,"y":0},"o":{"x":0.167,"y":0.167},"t":21,"s":[800,600,0],"to":[0,0,0],"ti":[0,0,0]},{"t":30.0000012219251,"s":[800,600,0]}],"ix":2,"l":2},"a":{"a":0,"k":[-42.299,-51.034,0],"ix":1,"l":2},"s":{"a":0,"k":[100,100,100],"ix":6,"l":2}},"ao":0,"shapes":[{"ty":"gr","it":[{"ind":0,"ty":"sh","ix":1,"ks":{"a":1,"k":[{"i":{"x":0,"y":1},"o":{"x":0.167,"y":0},"t":0,"s":[{"i":[[0,0],[0,0],[0,0],[0,0],[0,0],[0,0]],"o":[[0,0],[0,0],[0,0],[0,0],[0,0],[0,0]],"v":[[0.065,0.08],[0.21,0.057],[0.232,0.054],[0.218,0.047],[0.007,-0.048],[0.018,0.041]],"c":true}]},{"i":{"x":0,"y":1},"o":{"x":0.05,"y":0},"t":10,"s":[{"i":[[-133.056,0],[-34.585,-110.471],[0,-30.249],[4.774,-17.98],[112.651,0],[0,133.056]],"o":[[102.807,0],[10.176,32.504],[0,20.405],[-26.357,99.263],[-133.056,0],[0,-133.056]],"v":[[0.029,-313.92],[225.17,-95.473],[240.92,0],[233.609,57.64],[0.028,217.264],[-240.92,0]],"c":true}]},{"i":{"x":0,"y":1},"o":{"x":0.167,"y":0},"t":21,"s":[{"i":[[-133.056,0],[-34.592,-90.655],[0,-30.249],[4.775,-16.944],[112.651,0],[0,133.056]],"o":[[102.807,0],[10.178,26.673],[0,20.405],[-26.363,93.547],[-133.056,0],[0,-133.056]],"v":[[0,-240.92],[225.167,-85.869],[240.92,0],[233.608,55.994],[0,191.264],[-240.92,0]],"c":true}]},{"i":{"x":0,"y":1},"o":{"x":0.167,"y":0},"t":24.858,"s":[{"i":[[-133.056,0],[-34.592,-90.655],[0,-30.249],[4.775,-16.944],[112.651,0],[0,133.056]],"o":[[102.807,0],[10.178,26.673],[0,20.405],[-26.363,93.547],[-133.056,0],[0,-133.056]],"v":[[0,-240.92],[225.167,-85.869],[240.92,0],[233.608,55.994],[0,191.264],[-240.92,0]],"c":true}]},{"t":30.0000012219251,"s":[{"i":[[-133.056,0],[-34.158,-91.513],[0,-29.634],[4.21,-16.079],[113.935,0],[0,133.056]],"o":[[103.422,0],[9.787,26.221],[0,19.121],[-25.084,95.809],[-133.056,0],[0,-133.056]],"v":[[0,-240.92],[225.782,-84.239],[240.92,0],[234.482,52.775],[0,191.264],[-240.92,0]],"c":true}]}],"ix":2},"nm":"Path 1","mn":"ADBE Vector Shape - Group","hd":false},{"ty":"fl","c":{"a":0,"k":[0.081702737247,0.72621346268,0.982745002298,1],"ix":4},"o":{"a":0,"k":100,"ix":5},"r":1,"bm":0,"nm":"Fill 1","mn":"ADBE Vector Graphic - Fill","hd":false},{"ty":"tr","p":{"a":0,"k":[-42.299,-26.207],"ix":2},"a":{"a":0,"k":[0,0],"ix":1},"s":{"a":0,"k":[100,100],"ix":3},"r":{"a":0,"k":0,"ix":6},"o":{"a":0,"k":100,"ix":7},"sk":{"a":0,"k":0,"ix":4},"sa":{"a":0,"k":0,"ix":5},"nm":"Transform"}],"nm":"Body","np":3,"cix":2,"bm":0,"ix":2,"mn":"ADBE Vector Group","hd":false}],"ip":0,"op":60.0000024438501,"st":0,"ct":1,"bm":0},{"ddd":0,"ind":2,"ty":4,"nm":"Face","tt":1,"sr":1,"ks":{"o":{"a":1,"k":[{"i":{"x":[0],"y":[1]},"o":{"x":[0.05],"y":[0]},"t":45,"s":[100]},{"t":60.0000024438501,"s":[0]}],"ix":11},"r":{"a":0,"k":0,"ix":10},"p":{"a":1,"k":[{"i":{"x":0,"y":1},"o":{"x":0.05,"y":0},"t":10,"s":[800,217,0],"to":[0,63.833,0],"ti":[0,-63.833,0]},{"t":45.0000018328876,"s":[800,600,0]}],"ix":2,"l":2},"a":{"a":0,"k":[-40.25,-46.634,0],"ix":1,"l":2},"s":{"a":0,"k":[100,100,100],"ix":6,"l":2}},"ao":0,"shapes":[{"ty":"gr","it":[{"ty":"gr","it":[{"ind":0,"ty":"sh","ix":1,"ks":{"a":1,"k":[{"i":{"x":0,"y":1},"o":{"x":0.05,"y":0},"t":20,"s":[{"i":[[0,0],[0,0],[0,0]],"o":[[0,0],[0,0],[0,0]],"v":[[-10.641,22.466],[-70.945,22.716],[-41.282,22.716]],"c":true}]},{"t":30.0000012219251,"s":[{"i":[[10.598,10.901],[7.549,35.401],[-33.15,-0.446]],"o":[[-10.402,42.651],[-9.451,14.651],[35.848,0.482]],"v":[[-10.598,-23.534],[-70.799,-22.534],[-41.282,22.716]],"c":true}]}],"ix":2},"nm":"Path 1","mn":"ADBE Vector Shape - Group","hd":false},{"ty":"fl","c":{"a":0,"k":[1,1,1,1],"ix":4},"o":{"a":0,"k":100,"ix":5},"r":1,"bm":0,"nm":"Fill 1","mn":"ADBE Vector Graphic - Fill","hd":false},{"ty":"tr","p":{"a":0,"k":[0,0],"ix":2},"a":{"a":0,"k":[0,0],"ix":1},"s":{"a":0,"k":[100,100],"ix":3},"r":{"a":0,"k":0,"ix":6},"o":{"a":0,"k":100,"ix":7},"sk":{"a":0,"k":0,"ix":4},"sa":{"a":0,"k":0,"ix":5},"nm":"Transform"}],"nm":"Mouth","np":3,"cix":2,"bm":0,"ix":1,"mn":"ADBE Vector Group","hd":false},{"ty":"gr","it":[{"ty":"gr","it":[{"d":1,"ty":"el","s":{"a":1,"k":[{"i":{"x":[0.833,0.833],"y":[0.833,0.833]},"o":{"x":[0.167,0.167],"y":[0.167,0.167]},"t":20,"s":[40,40]},{"i":{"x":[0.833,0.833],"y":[0.833,0.833]},"o":{"x":[0.167,0.167],"y":[0.167,0.167]},"t":25,"s":[40,0]},{"t":30.0000012219251,"s":[40,40]}],"ix":2},"p":{"a":0,"k":[0,0],"ix":3},"nm":"Ellipse Path 1","mn":"ADBE Vector Shape - Ellipse","hd":false},{"ty":"fl","c":{"a":0,"k":[0,0,0,1],"ix":4},"o":{"a":0,"k":100,"ix":5},"r":1,"bm":0,"nm":"Fill 1","mn":"ADBE Vector Graphic - Fill","hd":false},{"ty":"tr","p":{"a":0,"k":[19.5,-74.483],"ix":2},"a":{"a":0,"k":[0,0],"ix":1},"s":{"a":0,"k":[100,100],"ix":3},"r":{"a":0,"k":0,"ix":6},"o":{"a":0,"k":100,"ix":7},"sk":{"a":0,"k":0,"ix":4},"sa":{"a":0,"k":0,"ix":5},"nm":"Transform"}],"nm":"L Eye","np":3,"cix":2,"bm":0,"ix":1,"mn":"ADBE Vector Group","hd":false},{"ty":"gr","it":[{"d":1,"ty":"el","s":{"a":1,"k":[{"i":{"x":[0.833,0.833],"y":[0.833,0.833]},"o":{"x":[0.167,0.167],"y":[0.167,0.167]},"t":20,"s":[40,40]},{"i":{"x":[0.833,0.833],"y":[0.833,0.833]},"o":{"x":[0.167,0.167],"y":[0.167,0.167]},"t":25,"s":[40,0]},{"t":30.0000012219251,"s":[40,40]}],"ix":2},"p":{"a":0,"k":[0,0],"ix":3},"nm":"Ellipse Path 1","mn":"ADBE Vector Shape - Ellipse","hd":false},{"ty":"fl","c":{"a":0,"k":[0,0,0,1],"ix":4},"o":{"a":0,"k":100,"ix":5},"r":1,"bm":0,"nm":"Fill 1","mn":"ADBE Vector Graphic - Fill","hd":false},{"ty":"tr","p":{"a":0,"k":[-80,-74.483],"ix":2},"a":{"a":0,"k":[0,0],"ix":1},"s":{"a":0,"k":[100,100],"ix":3},"r":{"a":0,"k":0,"ix":6},"o":{"a":0,"k":100,"ix":7},"sk":{"a":0,"k":0,"ix":4},"sa":{"a":0,"k":0,"ix":5},"nm":"Transform"}],"nm":"R Eye","np":3,"cix":2,"bm":0,"ix":2,"mn":"ADBE Vector Group","hd":false},{"ty":"tr","p":{"a":0,"k":[-40.25,-74.483],"ix":2},"a":{"a":0,"k":[-30.25,-74.483],"ix":1},"s":{"a":0,"k":[100,100],"ix":3},"r":{"a":0,"k":0,"ix":6},"o":{"a":0,"k":100,"ix":7},"sk":{"a":0,"k":0,"ix":4},"sa":{"a":0,"k":0,"ix":5},"nm":"Transform"}],"nm":"Eyes","np":2,"cix":2,"bm":0,"ix":2,"mn":"ADBE Vector Group","hd":false},{"ty":"tr","p":{"a":0,"k":[-40.25,-46.634],"ix":2},"a":{"a":0,"k":[-40.25,-46.634],"ix":1},"s":{"a":0,"k":[100,100],"ix":3},"r":{"a":0,"k":0,"ix":6},"o":{"a":0,"k":100,"ix":7},"sk":{"a":0,"k":0,"ix":4},"sa":{"a":0,"k":0,"ix":5},"nm":"Transform"}],"nm":"Face","np":2,"cix":2,"bm":0,"ix":1,"mn":"ADBE Vector Group","hd":false}],"ip":0,"op":60.0000024438501,"st":0,"ct":1,"bm":0},{"ddd":0,"ind":3,"ty":4,"nm":"Body 4","sr":1,"ks":{"o":{"a":0,"k":100,"ix":11},"r":{"a":0,"k":0,"ix":10},"p":{"a":1,"k":[{"i":{"x":0,"y":1},"o":{"x":0.05,"y":0},"t":45,"s":[800,600,0],"to":[0,0,0],"ti":[0,0,0]},{"t":60.0000024438501,"s":[1076,600,0]}],"ix":2,"l":2},"a":{"a":0,"k":[-42.299,-51.034,0],"ix":1,"l":2},"s":{"a":0,"k":[100,100,100],"ix":6,"l":2}},"ao":0,"shapes":[{"ty":"gr","it":[{"ind":0,"ty":"sh","ix":1,"ks":{"a":1,"k":[{"i":{"x":0.833,"y":1},"o":{"x":0.05,"y":0},"t":45,"s":[{"i":[[-150.805,83.218],[-34.158,-91.513],[0,-29.634],[4.21,-16.079],[113.935,0]],"o":[[103.422,0],[9.787,26.221],[0,19.121],[-25.084,95.809],[-182.069,-82.299]],"v":[[0,-240.92],[225.782,-84.239],[240.92,0],[234.482,52.775],[0,191.264]],"c":true}]},{"t":60.0000024438501,"s":[{"i":[[182.069,-3.218],[-34.158,-91.513],[0,-29.634],[4.21,-16.079],[113.935,0]],"o":[[103.422,0],[9.787,26.221],[0,19.121],[-25.084,95.809],[297.931,-95.172]],"v":[[0,-240.92],[225.782,-84.239],[240.92,0],[234.482,52.775],[0,191.264]],"c":true}]}],"ix":2},"nm":"Path 1","mn":"ADBE Vector Shape - Group","hd":false},{"ty":"gf","o":{"a":1,"k":[{"i":{"x":[0],"y":[1]},"o":{"x":[0.05],"y":[0]},"t":45,"s":[100]},{"t":60.0000024438501,"s":[0]}],"ix":10},"r":1,"bm":0,"g":{"p":3,"k":{"a":0,"k":[0,0.967,0,0.332,0.724,0.946,0.5,0.473,1,0.924,1,0.613],"ix":9}},"s":{"a":0,"k":[3,-245],"ix":5},"e":{"a":0,"k":[-3,223],"ix":6},"t":2,"h":{"a":0,"k":0,"ix":7},"a":{"a":0,"k":0,"ix":8},"nm":"Gradient Fill 1","mn":"ADBE Vector Graphic - G-Fill","hd":false},{"ty":"tr","p":{"a":0,"k":[-42.299,-26.207],"ix":2},"a":{"a":0,"k":[0,0],"ix":1},"s":{"a":0,"k":[100,100],"ix":3},"r":{"a":0,"k":0,"ix":6},"o":{"a":0,"k":100,"ix":7},"sk":{"a":0,"k":0,"ix":4},"sa":{"a":0,"k":0,"ix":5},"nm":"Transform"}],"nm":"Body","np":2,"cix":2,"bm":0,"ix":1,"mn":"ADBE Vector Group","hd":false}],"ip":45.0000018328876,"op":60.0000024438501,"st":-25.0000010182709,"ct":1,"bm":0},{"ddd":0,"ind":4,"ty":4,"nm":"Body 3","sr":1,"ks":{"o":{"a":0,"k":100,"ix":11},"r":{"a":0,"k":0,"ix":10},"p":{"a":1,"k":[{"i":{"x":0,"y":1},"o":{"x":0.05,"y":0},"t":45,"s":[800,600,0],"to":[0,0,0],"ti":[0,0,0]},{"t":60.0000024438501,"s":[524,600,0]}],"ix":2,"l":2},"a":{"a":0,"k":[-42.299,-51.034,0],"ix":1,"l":2},"s":{"a":0,"k":[100,100,100],"ix":6,"l":2}},"ao":0,"shapes":[{"ty":"gr","it":[{"ind":0,"ty":"sh","ix":1,"ks":{"a":1,"k":[{"i":{"x":0.833,"y":1},"o":{"x":0.05,"y":0},"t":45,"s":[{"i":[[-133.056,0],[90.115,-87.816],[0,133.056]],"o":[[114.023,70.345],[-133.056,0],[0,-133.056]],"v":[[0,-240.92],[0,191.264],[-240.92,0]],"c":true}]},{"t":60.0000024438501,"s":[{"i":[[-133.056,0],[-246.437,-56.552],[0,133.056]],"o":[[-239.08,15.172],[-133.056,0],[0,-133.056]],"v":[[0,-240.92],[0,191.264],[-240.92,0]],"c":true}]}],"ix":2},"nm":"Path 1","mn":"ADBE Vector Shape - Group","hd":false},{"ty":"gf","o":{"a":1,"k":[{"i":{"x":[0],"y":[1]},"o":{"x":[0.05],"y":[0]},"t":45,"s":[100]},{"t":60.0000024438501,"s":[0]}],"ix":10},"r":1,"bm":0,"g":{"p":3,"k":{"a":0,"k":[0,0.967,0,0.332,0.724,0.946,0.5,0.473,1,0.924,1,0.613],"ix":9}},"s":{"a":0,"k":[3,-245],"ix":5},"e":{"a":0,"k":[-3,223],"ix":6},"t":2,"h":{"a":0,"k":0,"ix":7},"a":{"a":0,"k":0,"ix":8},"nm":"Gradient Fill 1","mn":"ADBE Vector Graphic - G-Fill","hd":false},{"ty":"tr","p":{"a":0,"k":[-42.299,-26.207],"ix":2},"a":{"a":0,"k":[0,0],"ix":1},"s":{"a":0,"k":[100,100],"ix":3},"r":{"a":0,"k":0,"ix":6},"o":{"a":0,"k":100,"ix":7},"sk":{"a":0,"k":0,"ix":4},"sa":{"a":0,"k":0,"ix":5},"nm":"Transform"}],"nm":"Body","np":2,"cix":2,"bm":0,"ix":1,"mn":"ADBE Vector Group","hd":false}],"ip":45.0000018328876,"op":60.0000024438501,"st":-25.0000010182709,"ct":1,"bm":0},{"ddd":0,"ind":5,"ty":4,"nm":"Body","sr":1,"ks":{"o":{"a":0,"k":100,"ix":11},"r":{"a":0,"k":0,"ix":10},"p":{"a":1,"k":[{"i":{"x":0.481,"y":1},"o":{"x":0.328,"y":0},"t":0,"s":[800,600,0],"to":[0,0,0],"ti":[0,0,0]},{"i":{"x":0.554,"y":0.98},"o":{"x":0.238,"y":0},"t":1,"s":[800,616,0],"to":[0,0,0],"ti":[0,0,0]},{"i":{"x":0.607,"y":0.971},"o":{"x":0.278,"y":0.016},"t":2,"s":[800,578.789,0],"to":[0,0,0],"ti":[0,0,0]},{"i":{"x":0.627,"y":0.967},"o":{"x":0.296,"y":0.038},"t":3,"s":[800,607.797,0],"to":[0,0,0],"ti":[0,0,0]},{"i":{"x":0.637,"y":0.986},"o":{"x":0.305,"y":0.014},"t":4,"s":[800,591.021,0],"to":[0,0,0],"ti":[0,0,0]},{"i":{"x":0.643,"y":0.984},"o":{"x":0.31,"y":0.01},"t":5.001,"s":[800,623.358,0],"to":[0,0,0],"ti":[0,0,0]},{"i":{"x":0.647,"y":0.98},"o":{"x":0.314,"y":0.019},"t":6,"s":[800,584.834,0],"to":[0,0,0],"ti":[0,0,0]},{"i":{"x":0.658,"y":0.964},"o":{"x":0.325,"y":0.035},"t":7,"s":[800,614.556,0],"to":[0,0,0],"ti":[0,0,0]},{"i":{"x":0.479,"y":0.988},"o":{"x":0.134,"y":0.018},"t":8,"s":[800,598.715,0],"to":[0,0,0],"ti":[0,0,0]},{"i":{"x":0,"y":1},"o":{"x":0.16,"y":0.003},"t":9,"s":[800,586.276,0],"to":[0,0,0],"ti":[0,0,0]},{"i":{"x":0.576,"y":0.576},"o":{"x":0.328,"y":0.328},"t":10,"s":[800,600,0],"to":[0,0,0],"ti":[0,0,0]},{"i":{"x":0,"y":0},"o":{"x":0.167,"y":0.167},"t":21,"s":[800,600,0],"to":[0,0,0],"ti":[0,0,0]},{"t":30.0000012219251,"s":[800,600,0]}],"ix":2,"l":2},"a":{"a":0,"k":[-42.299,-51.034,0],"ix":1,"l":2},"s":{"a":0,"k":[100,100,100],"ix":6,"l":2}},"ao":0,"shapes":[{"ty":"gr","it":[{"ind":0,"ty":"sh","ix":1,"ks":{"a":1,"k":[{"i":{"x":0,"y":1},"o":{"x":0.167,"y":0},"t":0,"s":[{"i":[[0,0],[0,0],[0,0],[0,0],[0,0],[0,0]],"o":[[0,0],[0,0],[0,0],[0,0],[0,0],[0,0]],"v":[[0.065,0.08],[0.21,0.057],[0.232,0.054],[0.218,0.047],[0.007,-0.048],[0.018,0.041]],"c":true}]},{"i":{"x":0,"y":1},"o":{"x":0.05,"y":0},"t":10,"s":[{"i":[[-133.056,0],[-34.585,-110.471],[0,-30.249],[4.774,-17.98],[112.651,0],[0,133.056]],"o":[[102.807,0],[10.176,32.504],[0,20.405],[-26.357,99.263],[-133.056,0],[0,-133.056]],"v":[[0.029,-313.92],[225.17,-95.473],[240.92,0],[233.609,57.64],[0.028,217.264],[-240.92,0]],"c":true}]},{"i":{"x":0,"y":1},"o":{"x":0.167,"y":0},"t":21,"s":[{"i":[[-133.056,0],[-34.592,-90.655],[0,-30.249],[4.775,-16.944],[112.651,0],[0,133.056]],"o":[[102.807,0],[10.178,26.673],[0,20.405],[-26.363,93.547],[-133.056,0],[0,-133.056]],"v":[[0,-240.92],[225.167,-85.869],[240.92,0],[233.608,55.994],[0,191.264],[-240.92,0]],"c":true}]},{"i":{"x":0,"y":1},"o":{"x":0.167,"y":0},"t":24.858,"s":[{"i":[[-133.056,0],[-34.592,-90.655],[0,-30.249],[4.775,-16.944],[112.651,0],[0,133.056]],"o":[[102.807,0],[10.178,26.673],[0,20.405],[-26.363,93.547],[-133.056,0],[0,-133.056]],"v":[[0,-240.92],[225.167,-85.869],[240.92,0],[233.608,55.994],[0,191.264],[-240.92,0]],"c":true}]},{"t":30.0000012219251,"s":[{"i":[[-133.056,0],[-34.158,-91.513],[0,-29.634],[4.21,-16.079],[113.935,0],[0,133.056]],"o":[[103.422,0],[9.787,26.221],[0,19.121],[-25.084,95.809],[-133.056,0],[0,-133.056]],"v":[[0,-240.92],[225.782,-84.239],[240.92,0],[234.482,52.775],[0,191.264],[-240.92,0]],"c":true}]}],"ix":2},"nm":"Path 1","mn":"ADBE Vector Shape - Group","hd":false},{"ty":"gf","o":{"a":0,"k":100,"ix":10},"r":1,"bm":0,"g":{"p":3,"k":{"a":0,"k":[0,0,0.801,0.967,0.5,0.498,0.491,0.872,1,0.996,0.18,0.776],"ix":9}},"s":{"a":0,"k":[3,-245],"ix":5},"e":{"a":0,"k":[-3,223],"ix":6},"t":2,"h":{"a":0,"k":0,"ix":7},"a":{"a":0,"k":0,"ix":8},"nm":"Gradient Fill 1","mn":"ADBE Vector Graphic - G-Fill","hd":false},{"ty":"tr","p":{"a":0,"k":[-42.299,-26.207],"ix":2},"a":{"a":0,"k":[0,0],"ix":1},"s":{"a":0,"k":[100,100],"ix":3},"r":{"a":0,"k":0,"ix":6},"o":{"a":0,"k":100,"ix":7},"sk":{"a":0,"k":0,"ix":4},"sa":{"a":0,"k":0,"ix":5},"nm":"Transform"}],"nm":"Body","np":2,"cix":2,"bm":0,"ix":1,"mn":"ADBE Vector Group","hd":false}],"ip":0,"op":45.0000018328876,"st":0,"ct":1,"bm":0}]},{"id":"comp_2","nm":"B","fr":29.9700012207031,"layers":[{"ddd":0,"ind":1,"ty":4,"nm":"Face Mask","td":1,"sr":1,"ks":{"o":{"a":0,"k":100,"ix":11},"r":{"a":0,"k":0,"ix":10},"p":{"a":1,"k":[{"i":{"x":0.481,"y":1},"o":{"x":0.328,"y":0},"t":0,"s":[800,600,0],"to":[0,0,0],"ti":[0,0,0]},{"i":{"x":0.554,"y":0.98},"o":{"x":0.238,"y":0},"t":1,"s":[800,616,0],"to":[0,0,0],"ti":[0,0,0]},{"i":{"x":0.607,"y":0.971},"o":{"x":0.278,"y":0.016},"t":2,"s":[800,578.789,0],"to":[0,0,0],"ti":[0,0,0]},{"i":{"x":0.627,"y":0.967},"o":{"x":0.296,"y":0.038},"t":3,"s":[800,607.797,0],"to":[0,0,0],"ti":[0,0,0]},{"i":{"x":0.637,"y":0.986},"o":{"x":0.305,"y":0.014},"t":4,"s":[800,591.021,0],"to":[0,0,0],"ti":[0,0,0]},{"i":{"x":0.643,"y":0.984},"o":{"x":0.31,"y":0.01},"t":5.001,"s":[800,623.358,0],"to":[0,0,0],"ti":[0,0,0]},{"i":{"x":0.647,"y":0.98},"o":{"x":0.314,"y":0.019},"t":6,"s":[800,584.834,0],"to":[0,0,0],"ti":[0,0,0]},{"i":{"x":0.658,"y":0.964},"o":{"x":0.325,"y":0.035},"t":7,"s":[800,614.556,0],"to":[0,0,0],"ti":[0,0,0]},{"i":{"x":0.479,"y":0.988},"o":{"x":0.134,"y":0.018},"t":8,"s":[800,598.715,0],"to":[0,0,0],"ti":[0,0,0]},{"i":{"x":0,"y":1},"o":{"x":0.16,"y":0.003},"t":9,"s":[800,586.276,0],"to":[0,0,0],"ti":[0,0,0]},{"i":{"x":0.576,"y":0.576},"o":{"x":0.328,"y":0.328},"t":10,"s":[800,600,0],"to":[0,0,0],"ti":[0,0,0]},{"i":{"x":0,"y":0},"o":{"x":0.167,"y":0.167},"t":21,"s":[800,600,0],"to":[0,0,0],"ti":[0,0,0]},{"t":30.0000012219251,"s":[800,600,0]}],"ix":2,"l":2},"a":{"a":0,"k":[-42.299,-51.034,0],"ix":1,"l":2},"s":{"a":0,"k":[100,100,100],"ix":6,"l":2}},"ao":0,"shapes":[{"ty":"gr","it":[{"ind":0,"ty":"sh","ix":1,"ks":{"a":1,"k":[{"i":{"x":0,"y":1},"o":{"x":0.167,"y":0},"t":0,"s":[{"i":[[0,0],[0,0],[0,0],[0,0],[0,0],[0,0]],"o":[[0,0],[0,0],[0,0],[0,0],[0,0],[0,0]],"v":[[0.065,0.08],[0.21,0.057],[0.232,0.054],[0.218,0.047],[0.007,-0.048],[0.018,0.041]],"c":true}]},{"i":{"x":0,"y":1},"o":{"x":0.05,"y":0},"t":10,"s":[{"i":[[-133.056,0],[-34.585,-110.471],[0,-30.249],[4.774,-17.98],[112.651,0],[0,133.056]],"o":[[102.807,0],[10.176,32.504],[0,20.405],[-26.357,99.263],[-133.056,0],[0,-133.056]],"v":[[0.029,-313.92],[225.17,-95.473],[240.92,0],[233.609,57.64],[0.028,217.264],[-240.92,0]],"c":true}]},{"i":{"x":0,"y":1},"o":{"x":0.167,"y":0},"t":21,"s":[{"i":[[-133.056,0],[-34.592,-90.655],[0,-30.249],[4.775,-16.944],[112.651,0],[0,133.056]],"o":[[102.807,0],[10.178,26.673],[0,20.405],[-26.363,93.547],[-133.056,0],[0,-133.056]],"v":[[0,-240.92],[225.167,-85.869],[240.92,0],[233.608,55.994],[0,191.264],[-240.92,0]],"c":true}]},{"i":{"x":0,"y":1},"o":{"x":0.167,"y":0},"t":24.858,"s":[{"i":[[-133.056,0],[-34.592,-90.655],[0,-30.249],[4.775,-16.944],[112.651,0],[0,133.056]],"o":[[102.807,0],[10.178,26.673],[0,20.405],[-26.363,93.547],[-133.056,0],[0,-133.056]],"v":[[0,-240.92],[225.167,-85.869],[240.92,0],[233.608,55.994],[0,191.264],[-240.92,0]],"c":true}]},{"t":30.0000012219251,"s":[{"i":[[-133.056,0],[-34.158,-91.513],[0,-29.634],[4.21,-16.079],[113.935,0],[0,133.056]],"o":[[103.422,0],[9.787,26.221],[0,19.121],[-25.084,95.809],[-133.056,0],[0,-133.056]],"v":[[0,-240.92],[225.782,-84.239],[240.92,0],[234.482,52.775],[0,191.264],[-240.92,0]],"c":true}]}],"ix":2},"nm":"Path 1","mn":"ADBE Vector Shape - Group","hd":false},{"ty":"fl","c":{"a":0,"k":[0.081702737247,0.72621346268,0.982745002298,1],"ix":4},"o":{"a":0,"k":100,"ix":5},"r":1,"bm":0,"nm":"Fill 1","mn":"ADBE Vector Graphic - Fill","hd":false},{"ty":"tr","p":{"a":0,"k":[-42.299,-26.207],"ix":2},"a":{"a":0,"k":[0,0],"ix":1},"s":{"a":0,"k":[100,100],"ix":3},"r":{"a":0,"k":0,"ix":6},"o":{"a":0,"k":100,"ix":7},"sk":{"a":0,"k":0,"ix":4},"sa":{"a":0,"k":0,"ix":5},"nm":"Transform"}],"nm":"Body","np":3,"cix":2,"bm":0,"ix":2,"mn":"ADBE Vector Group","hd":false}],"ip":0,"op":60.0000024438501,"st":0,"ct":1,"bm":0},{"ddd":0,"ind":2,"ty":4,"nm":"Face","tt":1,"sr":1,"ks":{"o":{"a":1,"k":[{"i":{"x":[0],"y":[1]},"o":{"x":[0.05],"y":[0]},"t":45,"s":[100]},{"t":60.0000024438501,"s":[0]}],"ix":11},"r":{"a":0,"k":0,"ix":10},"p":{"a":1,"k":[{"i":{"x":0,"y":1},"o":{"x":0.05,"y":0},"t":10,"s":[800,919,0],"to":[0,-53.167,0],"ti":[0,53.167,0]},{"t":45.0000018328876,"s":[800,600,0]}],"ix":2,"l":2},"a":{"a":0,"k":[-40.25,-46.634,0],"ix":1,"l":2},"s":{"a":0,"k":[100,100,100],"ix":6,"l":2}},"ao":0,"shapes":[{"ty":"gr","it":[{"ty":"gr","it":[{"ind":0,"ty":"sh","ix":1,"ks":{"a":1,"k":[{"i":{"x":0,"y":1},"o":{"x":0.05,"y":0},"t":20,"s":[{"i":[[0,0],[0,0],[-74.805,0.433]],"o":[[0,0],[0,0],[80.445,-0.465]],"v":[[39.951,-23.48],[-115.799,-22.516],[-40.445,-22.784]],"c":true}]},{"t":30.0000012219251,"s":[{"i":[[0,0],[0,0],[-78.902,0.732]],"o":[[0,0],[0,0],[83.124,-0.771]],"v":[[40.201,-22.23],[-115.799,-22.516],[-37.348,60.216]],"c":true}]}],"ix":2},"nm":"Path 1","mn":"ADBE Vector Shape - Group","hd":false},{"ty":"fl","c":{"a":0,"k":[1,1,1,1],"ix":4},"o":{"a":0,"k":100,"ix":5},"r":1,"bm":0,"nm":"Fill 1","mn":"ADBE Vector Graphic - Fill","hd":false},{"ty":"tr","p":{"a":0,"k":[-19,3],"ix":2},"a":{"a":0,"k":[0,0],"ix":1},"s":{"a":0,"k":[58,58],"ix":3},"r":{"a":0,"k":0,"ix":6},"o":{"a":0,"k":100,"ix":7},"sk":{"a":0,"k":0,"ix":4},"sa":{"a":0,"k":0,"ix":5},"nm":"Transform"}],"nm":"Mouth","np":3,"cix":2,"bm":0,"ix":1,"mn":"ADBE Vector Group","hd":false},{"ty":"gr","it":[{"ty":"gr","it":[{"d":1,"ty":"el","s":{"a":1,"k":[{"i":{"x":[0.833,0.833],"y":[0.833,0.833]},"o":{"x":[0.167,0.167],"y":[0.167,0.167]},"t":20,"s":[40,40]},{"i":{"x":[0.833,0.833],"y":[0.833,0.833]},"o":{"x":[0.167,0.167],"y":[0.167,0.167]},"t":25,"s":[40,0]},{"t":30.0000012219251,"s":[40,40]}],"ix":2},"p":{"a":0,"k":[0,0],"ix":3},"nm":"Ellipse Path 1","mn":"ADBE Vector Shape - Ellipse","hd":false},{"ty":"fl","c":{"a":0,"k":[0,0,0,1],"ix":4},"o":{"a":0,"k":100,"ix":5},"r":1,"bm":0,"nm":"Fill 1","mn":"ADBE Vector Graphic - Fill","hd":false},{"ty":"tr","p":{"a":0,"k":[19.5,-74.483],"ix":2},"a":{"a":0,"k":[0,0],"ix":1},"s":{"a":0,"k":[100,100],"ix":3},"r":{"a":0,"k":0,"ix":6},"o":{"a":0,"k":100,"ix":7},"sk":{"a":0,"k":0,"ix":4},"sa":{"a":0,"k":0,"ix":5},"nm":"Transform"}],"nm":"L Eye","np":3,"cix":2,"bm":0,"ix":1,"mn":"ADBE Vector Group","hd":false},{"ty":"gr","it":[{"d":1,"ty":"el","s":{"a":1,"k":[{"i":{"x":[0.833,0.833],"y":[0.833,0.833]},"o":{"x":[0.167,0.167],"y":[0.167,0.167]},"t":20,"s":[40,40]},{"i":{"x":[0.833,0.833],"y":[0.833,0.833]},"o":{"x":[0.167,0.167],"y":[0.167,0.167]},"t":25,"s":[40,0]},{"t":30.0000012219251,"s":[40,40]}],"ix":2},"p":{"a":0,"k":[0,0],"ix":3},"nm":"Ellipse Path 1","mn":"ADBE Vector Shape - Ellipse","hd":false},{"ty":"fl","c":{"a":0,"k":[0,0,0,1],"ix":4},"o":{"a":0,"k":100,"ix":5},"r":1,"bm":0,"nm":"Fill 1","mn":"ADBE Vector Graphic - Fill","hd":false},{"ty":"tr","p":{"a":0,"k":[-80,-74.483],"ix":2},"a":{"a":0,"k":[0,0],"ix":1},"s":{"a":0,"k":[100,100],"ix":3},"r":{"a":0,"k":0,"ix":6},"o":{"a":0,"k":100,"ix":7},"sk":{"a":0,"k":0,"ix":4},"sa":{"a":0,"k":0,"ix":5},"nm":"Transform"}],"nm":"R Eye","np":3,"cix":2,"bm":0,"ix":2,"mn":"ADBE Vector Group","hd":false},{"ty":"tr","p":{"a":0,"k":[-40.25,-74.483],"ix":2},"a":{"a":0,"k":[-30.25,-74.483],"ix":1},"s":{"a":0,"k":[100,100],"ix":3},"r":{"a":0,"k":0,"ix":6},"o":{"a":0,"k":100,"ix":7},"sk":{"a":0,"k":0,"ix":4},"sa":{"a":0,"k":0,"ix":5},"nm":"Transform"}],"nm":"Eyes","np":2,"cix":2,"bm":0,"ix":2,"mn":"ADBE Vector Group","hd":false},{"ty":"tr","p":{"a":0,"k":[-40.25,-46.634],"ix":2},"a":{"a":0,"k":[-40.25,-46.634],"ix":1},"s":{"a":0,"k":[100,100],"ix":3},"r":{"a":0,"k":0,"ix":6},"o":{"a":0,"k":100,"ix":7},"sk":{"a":0,"k":0,"ix":4},"sa":{"a":0,"k":0,"ix":5},"nm":"Transform"}],"nm":"Face","np":2,"cix":2,"bm":0,"ix":1,"mn":"ADBE Vector Group","hd":false}],"ip":0,"op":60.0000024438501,"st":0,"ct":1,"bm":0},{"ddd":0,"ind":3,"ty":4,"nm":"Body 4","sr":1,"ks":{"o":{"a":0,"k":100,"ix":11},"r":{"a":0,"k":0,"ix":10},"p":{"a":1,"k":[{"i":{"x":0,"y":1},"o":{"x":0.05,"y":0},"t":45,"s":[800,600,0],"to":[0,0,0],"ti":[0,0,0]},{"t":60.0000024438501,"s":[1076,600,0]}],"ix":2,"l":2},"a":{"a":0,"k":[-42.299,-51.034,0],"ix":1,"l":2},"s":{"a":0,"k":[100,100,100],"ix":6,"l":2}},"ao":0,"shapes":[{"ty":"gr","it":[{"ind":0,"ty":"sh","ix":1,"ks":{"a":1,"k":[{"i":{"x":0.833,"y":1},"o":{"x":0.05,"y":0},"t":45,"s":[{"i":[[-150.805,83.218],[-34.158,-91.513],[0,-29.634],[4.21,-16.079],[113.935,0]],"o":[[103.422,0],[9.787,26.221],[0,19.121],[-25.084,95.809],[-182.069,-82.299]],"v":[[0,-240.92],[225.782,-84.239],[240.92,0],[234.482,52.775],[0,191.264]],"c":true}]},{"t":60.0000024438501,"s":[{"i":[[182.069,-3.218],[-34.158,-91.513],[0,-29.634],[4.21,-16.079],[113.935,0]],"o":[[103.422,0],[9.787,26.221],[0,19.121],[-25.084,95.809],[297.931,-95.172]],"v":[[0,-240.92],[225.782,-84.239],[240.92,0],[234.482,52.775],[0,191.264]],"c":true}]}],"ix":2},"nm":"Path 1","mn":"ADBE Vector Shape - Group","hd":false},{"ty":"gf","o":{"a":1,"k":[{"i":{"x":[0],"y":[1]},"o":{"x":[0.05],"y":[0]},"t":45,"s":[100]},{"t":60.0000024438501,"s":[0]}],"ix":10},"r":1,"bm":0,"g":{"p":3,"k":{"a":0,"k":[0,0.967,0,0.332,0.724,0.946,0.5,0.473,1,0.924,1,0.613],"ix":9}},"s":{"a":0,"k":[3,-245],"ix":5},"e":{"a":0,"k":[-3,223],"ix":6},"t":2,"h":{"a":0,"k":0,"ix":7},"a":{"a":0,"k":0,"ix":8},"nm":"Gradient Fill 1","mn":"ADBE Vector Graphic - G-Fill","hd":false},{"ty":"tr","p":{"a":0,"k":[-42.299,-26.207],"ix":2},"a":{"a":0,"k":[0,0],"ix":1},"s":{"a":0,"k":[100,100],"ix":3},"r":{"a":0,"k":0,"ix":6},"o":{"a":0,"k":100,"ix":7},"sk":{"a":0,"k":0,"ix":4},"sa":{"a":0,"k":0,"ix":5},"nm":"Transform"}],"nm":"Body","np":2,"cix":2,"bm":0,"ix":1,"mn":"ADBE Vector Group","hd":false}],"ip":45.0000018328876,"op":60.0000024438501,"st":-25.0000010182709,"ct":1,"bm":0},{"ddd":0,"ind":4,"ty":4,"nm":"Body 3","sr":1,"ks":{"o":{"a":1,"k":[{"i":{"x":[0],"y":[1]},"o":{"x":[0.05],"y":[0]},"t":45,"s":[100]},{"t":60.0000024438501,"s":[0]}],"ix":11},"r":{"a":0,"k":0,"ix":10},"p":{"a":1,"k":[{"i":{"x":0,"y":1},"o":{"x":0.05,"y":0},"t":45,"s":[800,600,0],"to":[0,0,0],"ti":[0,0,0]},{"t":60.0000024438501,"s":[524,600,0]}],"ix":2,"l":2},"a":{"a":0,"k":[-42.299,-51.034,0],"ix":1,"l":2},"s":{"a":0,"k":[100,100,100],"ix":6,"l":2}},"ao":0,"shapes":[{"ty":"gr","it":[{"ind":0,"ty":"sh","ix":1,"ks":{"a":1,"k":[{"i":{"x":0.833,"y":1},"o":{"x":0.05,"y":0},"t":45,"s":[{"i":[[-133.056,0],[90.115,-87.816],[0,133.056]],"o":[[114.023,70.345],[-133.056,0],[0,-133.056]],"v":[[0,-240.92],[0,191.264],[-240.92,0]],"c":true}]},{"t":60.0000024438501,"s":[{"i":[[-133.056,0],[-246.437,-56.552],[0,133.056]],"o":[[-239.08,15.172],[-133.056,0],[0,-133.056]],"v":[[0,-240.92],[0,191.264],[-240.92,0]],"c":true}]}],"ix":2},"nm":"Path 1","mn":"ADBE Vector Shape - Group","hd":false},{"ty":"gf","o":{"a":0,"k":100,"ix":10},"r":1,"bm":0,"g":{"p":3,"k":{"a":0,"k":[0,0.967,0,0.332,0.724,0.946,0.5,0.473,1,0.924,1,0.613],"ix":9}},"s":{"a":0,"k":[3,-245],"ix":5},"e":{"a":0,"k":[-3,223],"ix":6},"t":2,"h":{"a":0,"k":0,"ix":7},"a":{"a":0,"k":0,"ix":8},"nm":"Gradient Fill 1","mn":"ADBE Vector Graphic - G-Fill","hd":false},{"ty":"tr","p":{"a":0,"k":[-42.299,-26.207],"ix":2},"a":{"a":0,"k":[0,0],"ix":1},"s":{"a":0,"k":[100,100],"ix":3},"r":{"a":0,"k":0,"ix":6},"o":{"a":0,"k":100,"ix":7},"sk":{"a":0,"k":0,"ix":4},"sa":{"a":0,"k":0,"ix":5},"nm":"Transform"}],"nm":"Body","np":2,"cix":2,"bm":0,"ix":1,"mn":"ADBE Vector Group","hd":false}],"ip":45.0000018328876,"op":60.0000024438501,"st":-25.0000010182709,"ct":1,"bm":0},{"ddd":0,"ind":5,"ty":4,"nm":"Body","sr":1,"ks":{"o":{"a":0,"k":100,"ix":11},"r":{"a":0,"k":0,"ix":10},"p":{"a":1,"k":[{"i":{"x":0.481,"y":1},"o":{"x":0.328,"y":0},"t":0,"s":[800,600,0],"to":[0,0,0],"ti":[0,0,0]},{"i":{"x":0.554,"y":0.98},"o":{"x":0.238,"y":0},"t":1,"s":[800,616,0],"to":[0,0,0],"ti":[0,0,0]},{"i":{"x":0.607,"y":0.971},"o":{"x":0.278,"y":0.016},"t":2,"s":[800,578.789,0],"to":[0,0,0],"ti":[0,0,0]},{"i":{"x":0.627,"y":0.967},"o":{"x":0.296,"y":0.038},"t":3,"s":[800,607.797,0],"to":[0,0,0],"ti":[0,0,0]},{"i":{"x":0.637,"y":0.986},"o":{"x":0.305,"y":0.014},"t":4,"s":[800,591.021,0],"to":[0,0,0],"ti":[0,0,0]},{"i":{"x":0.643,"y":0.984},"o":{"x":0.31,"y":0.01},"t":5.001,"s":[800,623.358,0],"to":[0,0,0],"ti":[0,0,0]},{"i":{"x":0.647,"y":0.98},"o":{"x":0.314,"y":0.019},"t":6,"s":[800,584.834,0],"to":[0,0,0],"ti":[0,0,0]},{"i":{"x":0.658,"y":0.964},"o":{"x":0.325,"y":0.035},"t":7,"s":[800,614.556,0],"to":[0,0,0],"ti":[0,0,0]},{"i":{"x":0.479,"y":0.988},"o":{"x":0.134,"y":0.018},"t":8,"s":[800,598.715,0],"to":[0,0,0],"ti":[0,0,0]},{"i":{"x":0,"y":1},"o":{"x":0.16,"y":0.003},"t":9,"s":[800,586.276,0],"to":[0,0,0],"ti":[0,0,0]},{"i":{"x":0.576,"y":0.576},"o":{"x":0.328,"y":0.328},"t":10,"s":[800,600,0],"to":[0,0,0],"ti":[0,0,0]},{"i":{"x":0,"y":0},"o":{"x":0.167,"y":0.167},"t":21,"s":[800,600,0],"to":[0,0,0],"ti":[0,0,0]},{"t":30.0000012219251,"s":[800,600,0]}],"ix":2,"l":2},"a":{"a":0,"k":[-42.299,-51.034,0],"ix":1,"l":2},"s":{"a":0,"k":[100,100,100],"ix":6,"l":2}},"ao":0,"shapes":[{"ty":"gr","it":[{"ind":0,"ty":"sh","ix":1,"ks":{"a":1,"k":[{"i":{"x":0,"y":1},"o":{"x":0.167,"y":0},"t":0,"s":[{"i":[[0,0],[0,0],[0,0],[0,0],[0,0],[0,0]],"o":[[0,0],[0,0],[0,0],[0,0],[0,0],[0,0]],"v":[[0.065,0.08],[0.21,0.057],[0.232,0.054],[0.218,0.047],[0.007,-0.048],[0.018,0.041]],"c":true}]},{"i":{"x":0,"y":1},"o":{"x":0.05,"y":0},"t":10,"s":[{"i":[[-133.056,0],[-34.585,-110.471],[0,-30.249],[4.774,-17.98],[112.651,0],[0,133.056]],"o":[[102.807,0],[10.176,32.504],[0,20.405],[-26.357,99.263],[-133.056,0],[0,-133.056]],"v":[[0.029,-313.92],[225.17,-95.473],[240.92,0],[233.609,57.64],[0.028,217.264],[-240.92,0]],"c":true}]},{"i":{"x":0,"y":1},"o":{"x":0.167,"y":0},"t":21,"s":[{"i":[[-133.056,0],[-34.592,-90.655],[0,-30.249],[4.775,-16.944],[112.651,0],[0,133.056]],"o":[[102.807,0],[10.178,26.673],[0,20.405],[-26.363,93.547],[-133.056,0],[0,-133.056]],"v":[[0,-240.92],[225.167,-85.869],[240.92,0],[233.608,55.994],[0,191.264],[-240.92,0]],"c":true}]},{"i":{"x":0,"y":1},"o":{"x":0.167,"y":0},"t":24.858,"s":[{"i":[[-133.056,0],[-34.592,-90.655],[0,-30.249],[4.775,-16.944],[112.651,0],[0,133.056]],"o":[[102.807,0],[10.178,26.673],[0,20.405],[-26.363,93.547],[-133.056,0],[0,-133.056]],"v":[[0,-240.92],[225.167,-85.869],[240.92,0],[233.608,55.994],[0,191.264],[-240.92,0]],"c":true}]},{"t":30.0000012219251,"s":[{"i":[[-133.056,0],[-34.158,-91.513],[0,-29.634],[4.21,-16.079],[113.935,0],[0,133.056]],"o":[[103.422,0],[9.787,26.221],[0,19.121],[-25.084,95.809],[-133.056,0],[0,-133.056]],"v":[[0,-240.92],[225.782,-84.239],[240.92,0],[234.482,52.775],[0,191.264],[-240.92,0]],"c":true}]}],"ix":2},"nm":"Path 1","mn":"ADBE Vector Shape - Group","hd":false},{"ty":"gf","o":{"a":0,"k":100,"ix":10},"r":1,"bm":0,"g":{"p":3,"k":{"a":0,"k":[0,0,0.801,0.967,0.5,0.498,0.491,0.872,1,0.996,0.18,0.776],"ix":9}},"s":{"a":0,"k":[3,-245],"ix":5},"e":{"a":0,"k":[-3,223],"ix":6},"t":2,"h":{"a":0,"k":0,"ix":7},"a":{"a":0,"k":0,"ix":8},"nm":"Gradient Fill 1","mn":"ADBE Vector Graphic - G-Fill","hd":false},{"ty":"tr","p":{"a":0,"k":[-42.299,-26.207],"ix":2},"a":{"a":0,"k":[0,0],"ix":1},"s":{"a":0,"k":[100,100],"ix":3},"r":{"a":0,"k":0,"ix":6},"o":{"a":0,"k":100,"ix":7},"sk":{"a":0,"k":0,"ix":4},"sa":{"a":0,"k":0,"ix":5},"nm":"Transform"}],"nm":"Body","np":2,"cix":2,"bm":0,"ix":1,"mn":"ADBE Vector Group","hd":false}],"ip":0,"op":45.0000018328876,"st":0,"ct":1,"bm":0}]},{"id":"comp_3","nm":"C","fr":29.9700012207031,"layers":[{"ddd":0,"ind":1,"ty":4,"nm":"Face Mask","td":1,"sr":1,"ks":{"o":{"a":0,"k":100,"ix":11},"r":{"a":0,"k":0,"ix":10},"p":{"a":1,"k":[{"i":{"x":0.481,"y":1},"o":{"x":0.328,"y":0},"t":0,"s":[800,600,0],"to":[0,0,0],"ti":[0,0,0]},{"i":{"x":0.554,"y":0.98},"o":{"x":0.238,"y":0},"t":1,"s":[800,616,0],"to":[0,0,0],"ti":[0,0,0]},{"i":{"x":0.607,"y":0.971},"o":{"x":0.278,"y":0.016},"t":2,"s":[800,578.789,0],"to":[0,0,0],"ti":[0,0,0]},{"i":{"x":0.627,"y":0.967},"o":{"x":0.296,"y":0.038},"t":3,"s":[800,607.797,0],"to":[0,0,0],"ti":[0,0,0]},{"i":{"x":0.637,"y":0.986},"o":{"x":0.305,"y":0.014},"t":4,"s":[800,591.021,0],"to":[0,0,0],"ti":[0,0,0]},{"i":{"x":0.643,"y":0.984},"o":{"x":0.31,"y":0.01},"t":5.001,"s":[800,623.358,0],"to":[0,0,0],"ti":[0,0,0]},{"i":{"x":0.647,"y":0.98},"o":{"x":0.314,"y":0.019},"t":6,"s":[800,584.834,0],"to":[0,0,0],"ti":[0,0,0]},{"i":{"x":0.658,"y":0.964},"o":{"x":0.325,"y":0.035},"t":7,"s":[800,614.556,0],"to":[0,0,0],"ti":[0,0,0]},{"i":{"x":0.479,"y":0.988},"o":{"x":0.134,"y":0.018},"t":8,"s":[800,598.715,0],"to":[0,0,0],"ti":[0,0,0]},{"i":{"x":0,"y":1},"o":{"x":0.16,"y":0.003},"t":9,"s":[800,586.276,0],"to":[0,0,0],"ti":[0,0,0]},{"i":{"x":0.576,"y":0.576},"o":{"x":0.328,"y":0.328},"t":10,"s":[800,600,0],"to":[0,0,0],"ti":[0,0,0]},{"i":{"x":0,"y":0},"o":{"x":0.167,"y":0.167},"t":21,"s":[800,600,0],"to":[0,0,0],"ti":[0,0,0]},{"t":30.0000012219251,"s":[800,600,0]}],"ix":2,"l":2},"a":{"a":0,"k":[-42.299,-51.034,0],"ix":1,"l":2},"s":{"a":0,"k":[100,100,100],"ix":6,"l":2}},"ao":0,"shapes":[{"ty":"gr","it":[{"ind":0,"ty":"sh","ix":1,"ks":{"a":1,"k":[{"i":{"x":0,"y":1},"o":{"x":0.167,"y":0},"t":0,"s":[{"i":[[0,0],[0,0],[0,0],[0,0],[0,0],[0,0]],"o":[[0,0],[0,0],[0,0],[0,0],[0,0],[0,0]],"v":[[0.065,0.08],[0.21,0.057],[0.232,0.054],[0.218,0.047],[0.007,-0.048],[0.018,0.041]],"c":true}]},{"i":{"x":0,"y":1},"o":{"x":0.05,"y":0},"t":10,"s":[{"i":[[-133.056,0],[-34.585,-110.471],[0,-30.249],[4.774,-17.98],[112.651,0],[0,133.056]],"o":[[102.807,0],[10.176,32.504],[0,20.405],[-26.357,99.263],[-133.056,0],[0,-133.056]],"v":[[0.029,-313.92],[225.17,-95.473],[240.92,0],[233.609,57.64],[0.028,217.264],[-240.92,0]],"c":true}]},{"i":{"x":0,"y":1},"o":{"x":0.167,"y":0},"t":21,"s":[{"i":[[-133.056,0],[-34.592,-90.655],[0,-30.249],[4.775,-16.944],[112.651,0],[0,133.056]],"o":[[102.807,0],[10.178,26.673],[0,20.405],[-26.363,93.547],[-133.056,0],[0,-133.056]],"v":[[0,-240.92],[225.167,-85.869],[240.92,0],[233.608,55.994],[0,191.264],[-240.92,0]],"c":true}]},{"i":{"x":0,"y":1},"o":{"x":0.167,"y":0},"t":24.858,"s":[{"i":[[-133.056,0],[-34.592,-90.655],[0,-30.249],[4.775,-16.944],[112.651,0],[0,133.056]],"o":[[102.807,0],[10.178,26.673],[0,20.405],[-26.363,93.547],[-133.056,0],[0,-133.056]],"v":[[0,-240.92],[225.167,-85.869],[240.92,0],[233.608,55.994],[0,191.264],[-240.92,0]],"c":true}]},{"t":30.0000012219251,"s":[{"i":[[-133.056,0],[-34.158,-91.513],[0,-29.634],[4.21,-16.079],[113.935,0],[0,133.056]],"o":[[103.422,0],[9.787,26.221],[0,19.121],[-25.084,95.809],[-133.056,0],[0,-133.056]],"v":[[0,-240.92],[225.782,-84.239],[240.92,0],[234.482,52.775],[0,191.264],[-240.92,0]],"c":true}]}],"ix":2},"nm":"Path 1","mn":"ADBE Vector Shape - Group","hd":false},{"ty":"fl","c":{"a":0,"k":[0.081702737247,0.72621346268,0.982745002298,1],"ix":4},"o":{"a":0,"k":100,"ix":5},"r":1,"bm":0,"nm":"Fill 1","mn":"ADBE Vector Graphic - Fill","hd":false},{"ty":"tr","p":{"a":0,"k":[-42.299,-26.207],"ix":2},"a":{"a":0,"k":[0,0],"ix":1},"s":{"a":0,"k":[100,100],"ix":3},"r":{"a":0,"k":0,"ix":6},"o":{"a":0,"k":100,"ix":7},"sk":{"a":0,"k":0,"ix":4},"sa":{"a":0,"k":0,"ix":5},"nm":"Transform"}],"nm":"Body","np":3,"cix":2,"bm":0,"ix":2,"mn":"ADBE Vector Group","hd":false}],"ip":0,"op":60.0000024438501,"st":0,"ct":1,"bm":0},{"ddd":0,"ind":2,"ty":4,"nm":"Face","tt":1,"sr":1,"ks":{"o":{"a":1,"k":[{"i":{"x":[0],"y":[1]},"o":{"x":[0.05],"y":[0]},"t":45,"s":[100]},{"t":60.0000024438501,"s":[0]}],"ix":11},"r":{"a":0,"k":0,"ix":10},"p":{"a":1,"k":[{"i":{"x":0,"y":1},"o":{"x":0.167,"y":0},"t":10,"s":[428,600,0],"to":[62,0,0],"ti":[-62,0,0]},{"t":45.0000018328876,"s":[800,600,0]}],"ix":2,"l":2},"a":{"a":0,"k":[-40.25,-46.634,0],"ix":1,"l":2},"s":{"a":0,"k":[100,100,100],"ix":6,"l":2}},"ao":0,"shapes":[{"ty":"gr","it":[{"ty":"gr","it":[{"ind":0,"ty":"sh","ix":1,"ks":{"a":1,"k":[{"i":{"x":0.833,"y":0.833},"o":{"x":0.167,"y":0.167},"t":20,"s":[{"i":[[-2.451,0],[0.799,0],[-27.35,-0.215]],"o":[[1.664,0],[0.848,0],[32.736,0.257]],"v":[[10.201,45.984],[-86.75,45.234],[-38.15,45.863]],"c":true}]},{"t":30.0000012219251,"s":[{"i":[[0,-43.964],[0,92.464],[-25.027,0.232]],"o":[[0,92.464],[0,-47.536],[32.736,-0.303]],"v":[[10.201,45.984],[-87.549,42.484],[-38.325,-28.387]],"c":true}]}],"ix":2},"nm":"Path 1","mn":"ADBE Vector Shape - Group","hd":false},{"ty":"fl","c":{"a":0,"k":[1,1,1,1],"ix":4},"o":{"a":0,"k":100,"ix":5},"r":1,"bm":0,"nm":"Fill 1","mn":"ADBE Vector Graphic - Fill","hd":false},{"ty":"tr","p":{"a":0,"k":[-18,0],"ix":2},"a":{"a":0,"k":[0,0],"ix":1},"s":{"a":0,"k":[56,56],"ix":3},"r":{"a":0,"k":0,"ix":6},"o":{"a":0,"k":100,"ix":7},"sk":{"a":0,"k":0,"ix":4},"sa":{"a":0,"k":0,"ix":5},"nm":"Transform"}],"nm":"Mouth","np":3,"cix":2,"bm":0,"ix":1,"mn":"ADBE Vector Group","hd":false},{"ty":"gr","it":[{"ty":"gr","it":[{"d":1,"ty":"el","s":{"a":1,"k":[{"i":{"x":[0.833,0.833],"y":[0.833,0.833]},"o":{"x":[0.167,0.167],"y":[0.167,0.167]},"t":20,"s":[40,40]},{"i":{"x":[0.833,0.833],"y":[0.833,0.833]},"o":{"x":[0.167,0.167],"y":[0.167,0.167]},"t":25,"s":[40,0]},{"t":30.0000012219251,"s":[40,40]}],"ix":2},"p":{"a":0,"k":[0,0],"ix":3},"nm":"Ellipse Path 1","mn":"ADBE Vector Shape - Ellipse","hd":false},{"ty":"fl","c":{"a":0,"k":[0,0,0,1],"ix":4},"o":{"a":0,"k":100,"ix":5},"r":1,"bm":0,"nm":"Fill 1","mn":"ADBE Vector Graphic - Fill","hd":false},{"ty":"tr","p":{"a":0,"k":[19.5,-74.483],"ix":2},"a":{"a":0,"k":[0,0],"ix":1},"s":{"a":0,"k":[100,100],"ix":3},"r":{"a":0,"k":0,"ix":6},"o":{"a":0,"k":100,"ix":7},"sk":{"a":0,"k":0,"ix":4},"sa":{"a":0,"k":0,"ix":5},"nm":"Transform"}],"nm":"L Eye","np":3,"cix":2,"bm":0,"ix":1,"mn":"ADBE Vector Group","hd":false},{"ty":"gr","it":[{"d":1,"ty":"el","s":{"a":1,"k":[{"i":{"x":[0.833,0.833],"y":[0.833,0.833]},"o":{"x":[0.167,0.167],"y":[0.167,0.167]},"t":20,"s":[40,40]},{"i":{"x":[0.833,0.833],"y":[0.833,0.833]},"o":{"x":[0.167,0.167],"y":[0.167,0.167]},"t":25,"s":[40,0]},{"t":30.0000012219251,"s":[40,40]}],"ix":2},"p":{"a":0,"k":[0,0],"ix":3},"nm":"Ellipse Path 1","mn":"ADBE Vector Shape - Ellipse","hd":false},{"ty":"fl","c":{"a":0,"k":[0,0,0,1],"ix":4},"o":{"a":0,"k":100,"ix":5},"r":1,"bm":0,"nm":"Fill 1","mn":"ADBE Vector Graphic - Fill","hd":false},{"ty":"tr","p":{"a":0,"k":[-80,-74.483],"ix":2},"a":{"a":0,"k":[0,0],"ix":1},"s":{"a":0,"k":[100,100],"ix":3},"r":{"a":0,"k":0,"ix":6},"o":{"a":0,"k":100,"ix":7},"sk":{"a":0,"k":0,"ix":4},"sa":{"a":0,"k":0,"ix":5},"nm":"Transform"}],"nm":"R Eye","np":3,"cix":2,"bm":0,"ix":2,"mn":"ADBE Vector Group","hd":false},{"ty":"tr","p":{"a":0,"k":[-40.25,-74.483],"ix":2},"a":{"a":0,"k":[-30.25,-74.483],"ix":1},"s":{"a":0,"k":[100,100],"ix":3},"r":{"a":0,"k":0,"ix":6},"o":{"a":0,"k":100,"ix":7},"sk":{"a":0,"k":0,"ix":4},"sa":{"a":0,"k":0,"ix":5},"nm":"Transform"}],"nm":"Eyes","np":2,"cix":2,"bm":0,"ix":2,"mn":"ADBE Vector Group","hd":false},{"ty":"tr","p":{"a":0,"k":[-40.25,-46.634],"ix":2},"a":{"a":0,"k":[-40.25,-46.634],"ix":1},"s":{"a":0,"k":[100,100],"ix":3},"r":{"a":0,"k":0,"ix":6},"o":{"a":0,"k":100,"ix":7},"sk":{"a":0,"k":0,"ix":4},"sa":{"a":0,"k":0,"ix":5},"nm":"Transform"}],"nm":"Face","np":2,"cix":2,"bm":0,"ix":1,"mn":"ADBE Vector Group","hd":false}],"ip":0,"op":60.0000024438501,"st":0,"ct":1,"bm":0},{"ddd":0,"ind":3,"ty":4,"nm":"Body 4","sr":1,"ks":{"o":{"a":0,"k":100,"ix":11},"r":{"a":0,"k":0,"ix":10},"p":{"a":1,"k":[{"i":{"x":0,"y":1},"o":{"x":0.05,"y":0},"t":45,"s":[800,600,0],"to":[0,0,0],"ti":[0,0,0]},{"t":60.0000024438501,"s":[1076,600,0]}],"ix":2,"l":2},"a":{"a":0,"k":[-42.299,-51.034,0],"ix":1,"l":2},"s":{"a":0,"k":[100,100,100],"ix":6,"l":2}},"ao":0,"shapes":[{"ty":"gr","it":[{"ind":0,"ty":"sh","ix":1,"ks":{"a":1,"k":[{"i":{"x":0.833,"y":1},"o":{"x":0.05,"y":0},"t":45,"s":[{"i":[[-150.805,83.218],[-34.158,-91.513],[0,-29.634],[4.21,-16.079],[113.935,0]],"o":[[103.422,0],[9.787,26.221],[0,19.121],[-25.084,95.809],[-182.069,-82.299]],"v":[[0,-240.92],[225.782,-84.239],[240.92,0],[234.482,52.775],[0,191.264]],"c":true}]},{"t":60.0000024438501,"s":[{"i":[[182.069,-3.218],[-34.158,-91.513],[0,-29.634],[4.21,-16.079],[113.935,0]],"o":[[103.422,0],[9.787,26.221],[0,19.121],[-25.084,95.809],[297.931,-95.172]],"v":[[0,-240.92],[225.782,-84.239],[240.92,0],[234.482,52.775],[0,191.264]],"c":true}]}],"ix":2},"nm":"Path 1","mn":"ADBE Vector Shape - Group","hd":false},{"ty":"gf","o":{"a":1,"k":[{"i":{"x":[0],"y":[1]},"o":{"x":[0.05],"y":[0]},"t":45,"s":[100]},{"t":60.0000024438501,"s":[0]}],"ix":10},"r":1,"bm":0,"g":{"p":3,"k":{"a":0,"k":[0,0.967,0,0.332,0.724,0.946,0.5,0.473,1,0.924,1,0.613],"ix":9}},"s":{"a":0,"k":[3,-245],"ix":5},"e":{"a":0,"k":[-3,223],"ix":6},"t":2,"h":{"a":0,"k":0,"ix":7},"a":{"a":0,"k":0,"ix":8},"nm":"Gradient Fill 1","mn":"ADBE Vector Graphic - G-Fill","hd":false},{"ty":"tr","p":{"a":0,"k":[-42.299,-26.207],"ix":2},"a":{"a":0,"k":[0,0],"ix":1},"s":{"a":0,"k":[100,100],"ix":3},"r":{"a":0,"k":0,"ix":6},"o":{"a":0,"k":100,"ix":7},"sk":{"a":0,"k":0,"ix":4},"sa":{"a":0,"k":0,"ix":5},"nm":"Transform"}],"nm":"Body","np":2,"cix":2,"bm":0,"ix":1,"mn":"ADBE Vector Group","hd":false}],"ip":45.0000018328876,"op":60.0000024438501,"st":-25.0000010182709,"ct":1,"bm":0},{"ddd":0,"ind":4,"ty":4,"nm":"Body 3","sr":1,"ks":{"o":{"a":0,"k":100,"ix":11},"r":{"a":0,"k":0,"ix":10},"p":{"a":1,"k":[{"i":{"x":0,"y":1},"o":{"x":0.05,"y":0},"t":45,"s":[800,600,0],"to":[0,0,0],"ti":[0,0,0]},{"t":60.0000024438501,"s":[524,600,0]}],"ix":2,"l":2},"a":{"a":0,"k":[-42.299,-51.034,0],"ix":1,"l":2},"s":{"a":0,"k":[100,100,100],"ix":6,"l":2}},"ao":0,"shapes":[{"ty":"gr","it":[{"ind":0,"ty":"sh","ix":1,"ks":{"a":1,"k":[{"i":{"x":0.833,"y":1},"o":{"x":0.05,"y":0},"t":45,"s":[{"i":[[-133.056,0],[90.115,-87.816],[0,133.056]],"o":[[114.023,70.345],[-133.056,0],[0,-133.056]],"v":[[0,-240.92],[0,191.264],[-240.92,0]],"c":true}]},{"t":60.0000024438501,"s":[{"i":[[-133.056,0],[-246.437,-56.552],[0,133.056]],"o":[[-239.08,15.172],[-133.056,0],[0,-133.056]],"v":[[0,-240.92],[0,191.264],[-240.92,0]],"c":true}]}],"ix":2},"nm":"Path 1","mn":"ADBE Vector Shape - Group","hd":false},{"ty":"gf","o":{"a":1,"k":[{"i":{"x":[0],"y":[1]},"o":{"x":[0.05],"y":[0]},"t":45,"s":[100]},{"t":60.0000024438501,"s":[0]}],"ix":10},"r":1,"bm":0,"g":{"p":3,"k":{"a":0,"k":[0,0.967,0,0.332,0.724,0.946,0.5,0.473,1,0.924,1,0.613],"ix":9}},"s":{"a":0,"k":[3,-245],"ix":5},"e":{"a":0,"k":[-3,223],"ix":6},"t":2,"h":{"a":0,"k":0,"ix":7},"a":{"a":0,"k":0,"ix":8},"nm":"Gradient Fill 1","mn":"ADBE Vector Graphic - G-Fill","hd":false},{"ty":"tr","p":{"a":0,"k":[-42.299,-26.207],"ix":2},"a":{"a":0,"k":[0,0],"ix":1},"s":{"a":0,"k":[100,100],"ix":3},"r":{"a":0,"k":0,"ix":6},"o":{"a":0,"k":100,"ix":7},"sk":{"a":0,"k":0,"ix":4},"sa":{"a":0,"k":0,"ix":5},"nm":"Transform"}],"nm":"Body","np":2,"cix":2,"bm":0,"ix":1,"mn":"ADBE Vector Group","hd":false}],"ip":45.0000018328876,"op":60.0000024438501,"st":-25.0000010182709,"ct":1,"bm":0},{"ddd":0,"ind":5,"ty":4,"nm":"Body","sr":1,"ks":{"o":{"a":0,"k":100,"ix":11},"r":{"a":0,"k":0,"ix":10},"p":{"a":1,"k":[{"i":{"x":0.481,"y":1},"o":{"x":0.328,"y":0},"t":0,"s":[800,600,0],"to":[0,0,0],"ti":[0,0,0]},{"i":{"x":0.554,"y":0.98},"o":{"x":0.238,"y":0},"t":1,"s":[800,616,0],"to":[0,0,0],"ti":[0,0,0]},{"i":{"x":0.607,"y":0.971},"o":{"x":0.278,"y":0.016},"t":2,"s":[800,578.789,0],"to":[0,0,0],"ti":[0,0,0]},{"i":{"x":0.627,"y":0.967},"o":{"x":0.296,"y":0.038},"t":3,"s":[800,607.797,0],"to":[0,0,0],"ti":[0,0,0]},{"i":{"x":0.637,"y":0.986},"o":{"x":0.305,"y":0.014},"t":4,"s":[800,591.021,0],"to":[0,0,0],"ti":[0,0,0]},{"i":{"x":0.643,"y":0.984},"o":{"x":0.31,"y":0.01},"t":5.001,"s":[800,623.358,0],"to":[0,0,0],"ti":[0,0,0]},{"i":{"x":0.647,"y":0.98},"o":{"x":0.314,"y":0.019},"t":6,"s":[800,584.834,0],"to":[0,0,0],"ti":[0,0,0]},{"i":{"x":0.658,"y":0.964},"o":{"x":0.325,"y":0.035},"t":7,"s":[800,614.556,0],"to":[0,0,0],"ti":[0,0,0]},{"i":{"x":0.479,"y":0.988},"o":{"x":0.134,"y":0.018},"t":8,"s":[800,598.715,0],"to":[0,0,0],"ti":[0,0,0]},{"i":{"x":0,"y":1},"o":{"x":0.16,"y":0.003},"t":9,"s":[800,586.276,0],"to":[0,0,0],"ti":[0,0,0]},{"i":{"x":0.576,"y":0.576},"o":{"x":0.328,"y":0.328},"t":10,"s":[800,600,0],"to":[0,0,0],"ti":[0,0,0]},{"i":{"x":0,"y":0},"o":{"x":0.167,"y":0.167},"t":21,"s":[800,600,0],"to":[0,0,0],"ti":[0,0,0]},{"t":30.0000012219251,"s":[800,600,0]}],"ix":2,"l":2},"a":{"a":0,"k":[-42.299,-51.034,0],"ix":1,"l":2},"s":{"a":0,"k":[100,100,100],"ix":6,"l":2}},"ao":0,"shapes":[{"ty":"gr","it":[{"ind":0,"ty":"sh","ix":1,"ks":{"a":1,"k":[{"i":{"x":0,"y":1},"o":{"x":0.167,"y":0},"t":0,"s":[{"i":[[0,0],[0,0],[0,0],[0,0],[0,0],[0,0]],"o":[[0,0],[0,0],[0,0],[0,0],[0,0],[0,0]],"v":[[0.065,0.08],[0.21,0.057],[0.232,0.054],[0.218,0.047],[0.007,-0.048],[0.018,0.041]],"c":true}]},{"i":{"x":0,"y":1},"o":{"x":0.05,"y":0},"t":10,"s":[{"i":[[-133.056,0],[-34.585,-110.471],[0,-30.249],[4.774,-17.98],[112.651,0],[0,133.056]],"o":[[102.807,0],[10.176,32.504],[0,20.405],[-26.357,99.263],[-133.056,0],[0,-133.056]],"v":[[0.029,-313.92],[225.17,-95.473],[240.92,0],[233.609,57.64],[0.028,217.264],[-240.92,0]],"c":true}]},{"i":{"x":0,"y":1},"o":{"x":0.167,"y":0},"t":21,"s":[{"i":[[-133.056,0],[-34.592,-90.655],[0,-30.249],[4.775,-16.944],[112.651,0],[0,133.056]],"o":[[102.807,0],[10.178,26.673],[0,20.405],[-26.363,93.547],[-133.056,0],[0,-133.056]],"v":[[0,-240.92],[225.167,-85.869],[240.92,0],[233.608,55.994],[0,191.264],[-240.92,0]],"c":true}]},{"i":{"x":0,"y":1},"o":{"x":0.167,"y":0},"t":24.858,"s":[{"i":[[-133.056,0],[-34.592,-90.655],[0,-30.249],[4.775,-16.944],[112.651,0],[0,133.056]],"o":[[102.807,0],[10.178,26.673],[0,20.405],[-26.363,93.547],[-133.056,0],[0,-133.056]],"v":[[0,-240.92],[225.167,-85.869],[240.92,0],[233.608,55.994],[0,191.264],[-240.92,0]],"c":true}]},{"t":30.0000012219251,"s":[{"i":[[-133.056,0],[-34.158,-91.513],[0,-29.634],[4.21,-16.079],[113.935,0],[0,133.056]],"o":[[103.422,0],[9.787,26.221],[0,19.121],[-25.084,95.809],[-133.056,0],[0,-133.056]],"v":[[0,-240.92],[225.782,-84.239],[240.92,0],[234.482,52.775],[0,191.264],[-240.92,0]],"c":true}]}],"ix":2},"nm":"Path 1","mn":"ADBE Vector Shape - Group","hd":false},{"ty":"gf","o":{"a":0,"k":100,"ix":10},"r":1,"bm":0,"g":{"p":3,"k":{"a":0,"k":[0,0,0.801,0.967,0.5,0.498,0.491,0.872,1,0.996,0.18,0.776],"ix":9}},"s":{"a":0,"k":[3,-245],"ix":5},"e":{"a":0,"k":[-3,223],"ix":6},"t":2,"h":{"a":0,"k":0,"ix":7},"a":{"a":0,"k":0,"ix":8},"nm":"Gradient Fill 1","mn":"ADBE Vector Graphic - G-Fill","hd":false},{"ty":"tr","p":{"a":0,"k":[-42.299,-26.207],"ix":2},"a":{"a":0,"k":[0,0],"ix":1},"s":{"a":0,"k":[100,100],"ix":3},"r":{"a":0,"k":0,"ix":6},"o":{"a":0,"k":100,"ix":7},"sk":{"a":0,"k":0,"ix":4},"sa":{"a":0,"k":0,"ix":5},"nm":"Transform"}],"nm":"Body","np":2,"cix":2,"bm":0,"ix":1,"mn":"ADBE Vector Group","hd":false}],"ip":0,"op":45.0000018328876,"st":0,"ct":1,"bm":0}]},{"id":"comp_4","nm":"D","fr":29.9700012207031,"layers":[{"ddd":0,"ind":1,"ty":4,"nm":"Face Mask","td":1,"sr":1,"ks":{"o":{"a":0,"k":100,"ix":11},"r":{"a":0,"k":0,"ix":10},"p":{"a":1,"k":[{"i":{"x":0.481,"y":1},"o":{"x":0.328,"y":0},"t":0,"s":[800,600,0],"to":[0,0,0],"ti":[0,0,0]},{"i":{"x":0.554,"y":0.98},"o":{"x":0.238,"y":0},"t":1,"s":[800,616,0],"to":[0,0,0],"ti":[0,0,0]},{"i":{"x":0.607,"y":0.971},"o":{"x":0.278,"y":0.016},"t":2,"s":[800,578.789,0],"to":[0,0,0],"ti":[0,0,0]},{"i":{"x":0.627,"y":0.967},"o":{"x":0.296,"y":0.038},"t":3,"s":[800,607.797,0],"to":[0,0,0],"ti":[0,0,0]},{"i":{"x":0.637,"y":0.986},"o":{"x":0.305,"y":0.014},"t":4,"s":[800,591.021,0],"to":[0,0,0],"ti":[0,0,0]},{"i":{"x":0.643,"y":0.984},"o":{"x":0.31,"y":0.01},"t":5.001,"s":[800,623.358,0],"to":[0,0,0],"ti":[0,0,0]},{"i":{"x":0.647,"y":0.98},"o":{"x":0.314,"y":0.019},"t":6,"s":[800,584.834,0],"to":[0,0,0],"ti":[0,0,0]},{"i":{"x":0.658,"y":0.964},"o":{"x":0.325,"y":0.035},"t":7,"s":[800,614.556,0],"to":[0,0,0],"ti":[0,0,0]},{"i":{"x":0.479,"y":0.988},"o":{"x":0.134,"y":0.018},"t":8,"s":[800,598.715,0],"to":[0,0,0],"ti":[0,0,0]},{"i":{"x":0,"y":1},"o":{"x":0.16,"y":0.003},"t":9,"s":[800,586.276,0],"to":[0,0,0],"ti":[0,0,0]},{"i":{"x":0.576,"y":0.576},"o":{"x":0.328,"y":0.328},"t":10,"s":[800,600,0],"to":[0,0,0],"ti":[0,0,0]},{"i":{"x":0,"y":0},"o":{"x":0.167,"y":0.167},"t":21,"s":[800,600,0],"to":[0,0,0],"ti":[0,0,0]},{"t":30.0000012219251,"s":[800,600,0]}],"ix":2,"l":2},"a":{"a":0,"k":[-42.299,-51.034,0],"ix":1,"l":2},"s":{"a":0,"k":[100,100,100],"ix":6,"l":2}},"ao":0,"shapes":[{"ty":"gr","it":[{"ind":0,"ty":"sh","ix":1,"ks":{"a":1,"k":[{"i":{"x":0,"y":1},"o":{"x":0.167,"y":0},"t":0,"s":[{"i":[[0,0],[0,0],[0,0],[0,0],[0,0],[0,0]],"o":[[0,0],[0,0],[0,0],[0,0],[0,0],[0,0]],"v":[[0.065,0.08],[0.21,0.057],[0.232,0.054],[0.218,0.047],[0.007,-0.048],[0.018,0.041]],"c":true}]},{"i":{"x":0,"y":1},"o":{"x":0.05,"y":0},"t":10,"s":[{"i":[[-133.056,0],[-34.585,-110.471],[0,-30.249],[4.774,-17.98],[112.651,0],[0,133.056]],"o":[[102.807,0],[10.176,32.504],[0,20.405],[-26.357,99.263],[-133.056,0],[0,-133.056]],"v":[[0.029,-313.92],[225.17,-95.473],[240.92,0],[233.609,57.64],[0.028,217.264],[-240.92,0]],"c":true}]},{"i":{"x":0,"y":1},"o":{"x":0.167,"y":0},"t":21,"s":[{"i":[[-133.056,0],[-34.592,-90.655],[0,-30.249],[4.775,-16.944],[112.651,0],[0,133.056]],"o":[[102.807,0],[10.178,26.673],[0,20.405],[-26.363,93.547],[-133.056,0],[0,-133.056]],"v":[[0,-240.92],[225.167,-85.869],[240.92,0],[233.608,55.994],[0,191.264],[-240.92,0]],"c":true}]},{"i":{"x":0,"y":1},"o":{"x":0.167,"y":0},"t":24.858,"s":[{"i":[[-133.056,0],[-34.592,-90.655],[0,-30.249],[4.775,-16.944],[112.651,0],[0,133.056]],"o":[[102.807,0],[10.178,26.673],[0,20.405],[-26.363,93.547],[-133.056,0],[0,-133.056]],"v":[[0,-240.92],[225.167,-85.869],[240.92,0],[233.608,55.994],[0,191.264],[-240.92,0]],"c":true}]},{"t":30.0000012219251,"s":[{"i":[[-133.056,0],[-34.158,-91.513],[0,-29.634],[4.21,-16.079],[113.935,0],[0,133.056]],"o":[[103.422,0],[9.787,26.221],[0,19.121],[-25.084,95.809],[-133.056,0],[0,-133.056]],"v":[[0,-240.92],[225.782,-84.239],[240.92,0],[234.482,52.775],[0,191.264],[-240.92,0]],"c":true}]}],"ix":2},"nm":"Path 1","mn":"ADBE Vector Shape - Group","hd":false},{"ty":"fl","c":{"a":0,"k":[0.081702737247,0.72621346268,0.982745002298,1],"ix":4},"o":{"a":0,"k":100,"ix":5},"r":1,"bm":0,"nm":"Fill 1","mn":"ADBE Vector Graphic - Fill","hd":false},{"ty":"tr","p":{"a":0,"k":[-42.299,-26.207],"ix":2},"a":{"a":0,"k":[0,0],"ix":1},"s":{"a":0,"k":[100,100],"ix":3},"r":{"a":0,"k":0,"ix":6},"o":{"a":0,"k":100,"ix":7},"sk":{"a":0,"k":0,"ix":4},"sa":{"a":0,"k":0,"ix":5},"nm":"Transform"}],"nm":"Body","np":3,"cix":2,"bm":0,"ix":2,"mn":"ADBE Vector Group","hd":false}],"ip":0,"op":60.0000024438501,"st":0,"ct":1,"bm":0},{"ddd":0,"ind":2,"ty":4,"nm":"Face","tt":1,"sr":1,"ks":{"o":{"a":1,"k":[{"i":{"x":[0],"y":[1]},"o":{"x":[0.05],"y":[0]},"t":45,"s":[100]},{"t":60.0000024438501,"s":[0]}],"ix":11},"r":{"a":0,"k":0,"ix":10},"p":{"a":1,"k":[{"i":{"x":0,"y":1},"o":{"x":0.167,"y":0},"t":10,"s":[1157,600,0],"to":[-59.5,0,0],"ti":[59.5,0,0]},{"t":45.0000018328876,"s":[800,600,0]}],"ix":2,"l":2},"a":{"a":0,"k":[-40.25,-46.634,0],"ix":1,"l":2},"s":{"a":0,"k":[100,100,100],"ix":6,"l":2}},"ao":0,"shapes":[{"ty":"gr","it":[{"ty":"gr","it":[{"ind":0,"ty":"sh","ix":1,"ks":{"a":1,"k":[{"i":{"x":0,"y":1},"o":{"x":0.05,"y":0},"t":20,"s":[{"i":[[-22.774,-0.24],[30.779,0.358],[-25.026,-0.361]],"o":[[-36.39,-1.356],[14.708,0.135],[32.509,0.47]],"v":[[10.201,45.984],[-87.549,42.484],[-41.734,43.712]],"c":true}]},{"t":31.0000012626559,"s":[{"i":[[0,-43.964],[32.383,-33.794],[-25.027,0.232]],"o":[[-37.688,-40.865],[0,-47.536],[32.736,-0.303]],"v":[[10.201,45.984],[-87.549,42.484],[-38.325,-28.387]],"c":true}]}],"ix":2},"nm":"Path 1","mn":"ADBE Vector Shape - Group","hd":false},{"ty":"fl","c":{"a":0,"k":[1,1,1,1],"ix":4},"o":{"a":0,"k":100,"ix":5},"r":1,"bm":0,"nm":"Fill 1","mn":"ADBE Vector Graphic - Fill","hd":false},{"ty":"tr","p":{"a":0,"k":[-18,0],"ix":2},"a":{"a":0,"k":[0,0],"ix":1},"s":{"a":0,"k":[56,56],"ix":3},"r":{"a":0,"k":0,"ix":6},"o":{"a":0,"k":100,"ix":7},"sk":{"a":0,"k":0,"ix":4},"sa":{"a":0,"k":0,"ix":5},"nm":"Transform"}],"nm":"Mouth","np":3,"cix":2,"bm":0,"ix":1,"mn":"ADBE Vector Group","hd":false},{"ty":"gr","it":[{"ty":"gr","it":[{"d":1,"ty":"el","s":{"a":1,"k":[{"i":{"x":[0.833,0.833],"y":[0.833,0.833]},"o":{"x":[0.167,0.167],"y":[0.167,0.167]},"t":20,"s":[40,40]},{"i":{"x":[0.833,0.833],"y":[0.833,0.833]},"o":{"x":[0.167,0.167],"y":[0.167,0.167]},"t":25,"s":[40,0]},{"t":30.0000012219251,"s":[40,40]}],"ix":2},"p":{"a":0,"k":[0,0],"ix":3},"nm":"Ellipse Path 1","mn":"ADBE Vector Shape - Ellipse","hd":false},{"ty":"fl","c":{"a":0,"k":[0,0,0,1],"ix":4},"o":{"a":0,"k":100,"ix":5},"r":1,"bm":0,"nm":"Fill 1","mn":"ADBE Vector Graphic - Fill","hd":false},{"ty":"tr","p":{"a":0,"k":[19.5,-74.483],"ix":2},"a":{"a":0,"k":[0,0],"ix":1},"s":{"a":0,"k":[100,100],"ix":3},"r":{"a":0,"k":0,"ix":6},"o":{"a":0,"k":100,"ix":7},"sk":{"a":0,"k":0,"ix":4},"sa":{"a":0,"k":0,"ix":5},"nm":"Transform"}],"nm":"L Eye","np":3,"cix":2,"bm":0,"ix":1,"mn":"ADBE Vector Group","hd":false},{"ty":"gr","it":[{"d":1,"ty":"el","s":{"a":1,"k":[{"i":{"x":[0.833,0.833],"y":[0.833,0.833]},"o":{"x":[0.167,0.167],"y":[0.167,0.167]},"t":20,"s":[40,40]},{"i":{"x":[0.833,0.833],"y":[0.833,0.833]},"o":{"x":[0.167,0.167],"y":[0.167,0.167]},"t":25,"s":[40,0]},{"t":30.0000012219251,"s":[40,40]}],"ix":2},"p":{"a":0,"k":[0,0],"ix":3},"nm":"Ellipse Path 1","mn":"ADBE Vector Shape - Ellipse","hd":false},{"ty":"fl","c":{"a":0,"k":[0,0,0,1],"ix":4},"o":{"a":0,"k":100,"ix":5},"r":1,"bm":0,"nm":"Fill 1","mn":"ADBE Vector Graphic - Fill","hd":false},{"ty":"tr","p":{"a":0,"k":[-80,-74.483],"ix":2},"a":{"a":0,"k":[0,0],"ix":1},"s":{"a":0,"k":[100,100],"ix":3},"r":{"a":0,"k":0,"ix":6},"o":{"a":0,"k":100,"ix":7},"sk":{"a":0,"k":0,"ix":4},"sa":{"a":0,"k":0,"ix":5},"nm":"Transform"}],"nm":"R Eye","np":3,"cix":2,"bm":0,"ix":2,"mn":"ADBE Vector Group","hd":false},{"ty":"tr","p":{"a":0,"k":[-40.25,-74.483],"ix":2},"a":{"a":0,"k":[-30.25,-74.483],"ix":1},"s":{"a":0,"k":[100,100],"ix":3},"r":{"a":0,"k":0,"ix":6},"o":{"a":0,"k":100,"ix":7},"sk":{"a":0,"k":0,"ix":4},"sa":{"a":0,"k":0,"ix":5},"nm":"Transform"}],"nm":"Eyes","np":2,"cix":2,"bm":0,"ix":2,"mn":"ADBE Vector Group","hd":false},{"ty":"tr","p":{"a":0,"k":[-40.25,-46.634],"ix":2},"a":{"a":0,"k":[-40.25,-46.634],"ix":1},"s":{"a":0,"k":[100,100],"ix":3},"r":{"a":0,"k":0,"ix":6},"o":{"a":0,"k":100,"ix":7},"sk":{"a":0,"k":0,"ix":4},"sa":{"a":0,"k":0,"ix":5},"nm":"Transform"}],"nm":"Face","np":2,"cix":2,"bm":0,"ix":1,"mn":"ADBE Vector Group","hd":false}],"ip":0,"op":60.0000024438501,"st":0,"ct":1,"bm":0},{"ddd":0,"ind":3,"ty":4,"nm":"Body 4","sr":1,"ks":{"o":{"a":0,"k":100,"ix":11},"r":{"a":0,"k":0,"ix":10},"p":{"a":1,"k":[{"i":{"x":0,"y":1},"o":{"x":0.05,"y":0},"t":45,"s":[800,600,0],"to":[0,0,0],"ti":[0,0,0]},{"t":60.0000024438501,"s":[1076,600,0]}],"ix":2,"l":2},"a":{"a":0,"k":[-42.299,-51.034,0],"ix":1,"l":2},"s":{"a":0,"k":[100,100,100],"ix":6,"l":2}},"ao":0,"shapes":[{"ty":"gr","it":[{"ind":0,"ty":"sh","ix":1,"ks":{"a":1,"k":[{"i":{"x":0.833,"y":1},"o":{"x":0.05,"y":0},"t":45,"s":[{"i":[[-150.805,83.218],[-34.158,-91.513],[0,-29.634],[4.21,-16.079],[113.935,0]],"o":[[103.422,0],[9.787,26.221],[0,19.121],[-25.084,95.809],[-182.069,-82.299]],"v":[[0,-240.92],[225.782,-84.239],[240.92,0],[234.482,52.775],[0,191.264]],"c":true}]},{"t":60.0000024438501,"s":[{"i":[[182.069,-3.218],[-34.158,-91.513],[0,-29.634],[4.21,-16.079],[113.935,0]],"o":[[103.422,0],[9.787,26.221],[0,19.121],[-25.084,95.809],[297.931,-95.172]],"v":[[0,-240.92],[225.782,-84.239],[240.92,0],[234.482,52.775],[0,191.264]],"c":true}]}],"ix":2},"nm":"Path 1","mn":"ADBE Vector Shape - Group","hd":false},{"ty":"gf","o":{"a":1,"k":[{"i":{"x":[0],"y":[1]},"o":{"x":[0.05],"y":[0]},"t":45,"s":[100]},{"t":60.0000024438501,"s":[0]}],"ix":10},"r":1,"bm":0,"g":{"p":3,"k":{"a":0,"k":[0,0.967,0,0.332,0.724,0.946,0.5,0.473,1,0.924,1,0.613],"ix":9}},"s":{"a":0,"k":[3,-245],"ix":5},"e":{"a":0,"k":[-3,223],"ix":6},"t":2,"h":{"a":0,"k":0,"ix":7},"a":{"a":0,"k":0,"ix":8},"nm":"Gradient Fill 1","mn":"ADBE Vector Graphic - G-Fill","hd":false},{"ty":"tr","p":{"a":0,"k":[-42.299,-26.207],"ix":2},"a":{"a":0,"k":[0,0],"ix":1},"s":{"a":0,"k":[100,100],"ix":3},"r":{"a":0,"k":0,"ix":6},"o":{"a":0,"k":100,"ix":7},"sk":{"a":0,"k":0,"ix":4},"sa":{"a":0,"k":0,"ix":5},"nm":"Transform"}],"nm":"Body","np":2,"cix":2,"bm":0,"ix":1,"mn":"ADBE Vector Group","hd":false}],"ip":45.0000018328876,"op":60.0000024438501,"st":-25.0000010182709,"ct":1,"bm":0},{"ddd":0,"ind":4,"ty":4,"nm":"Body 3","sr":1,"ks":{"o":{"a":0,"k":100,"ix":11},"r":{"a":0,"k":0,"ix":10},"p":{"a":1,"k":[{"i":{"x":0,"y":1},"o":{"x":0.05,"y":0},"t":45,"s":[800,600,0],"to":[0,0,0],"ti":[0,0,0]},{"t":60.0000024438501,"s":[524,600,0]}],"ix":2,"l":2},"a":{"a":0,"k":[-42.299,-51.034,0],"ix":1,"l":2},"s":{"a":0,"k":[100,100,100],"ix":6,"l":2}},"ao":0,"shapes":[{"ty":"gr","it":[{"ind":0,"ty":"sh","ix":1,"ks":{"a":1,"k":[{"i":{"x":0.833,"y":1},"o":{"x":0.05,"y":0},"t":45,"s":[{"i":[[-133.056,0],[90.115,-87.816],[0,133.056]],"o":[[114.023,70.345],[-133.056,0],[0,-133.056]],"v":[[0,-240.92],[0,191.264],[-240.92,0]],"c":true}]},{"t":60.0000024438501,"s":[{"i":[[-133.056,0],[-246.437,-56.552],[0,133.056]],"o":[[-239.08,15.172],[-133.056,0],[0,-133.056]],"v":[[0,-240.92],[0,191.264],[-240.92,0]],"c":true}]}],"ix":2},"nm":"Path 1","mn":"ADBE Vector Shape - Group","hd":false},{"ty":"gf","o":{"a":1,"k":[{"i":{"x":[0],"y":[1]},"o":{"x":[0.05],"y":[0]},"t":45,"s":[100]},{"t":60.0000024438501,"s":[0]}],"ix":10},"r":1,"bm":0,"g":{"p":3,"k":{"a":0,"k":[0,0.967,0,0.332,0.724,0.946,0.5,0.473,1,0.924,1,0.613],"ix":9}},"s":{"a":0,"k":[3,-245],"ix":5},"e":{"a":0,"k":[-3,223],"ix":6},"t":2,"h":{"a":0,"k":0,"ix":7},"a":{"a":0,"k":0,"ix":8},"nm":"Gradient Fill 1","mn":"ADBE Vector Graphic - G-Fill","hd":false},{"ty":"tr","p":{"a":0,"k":[-42.299,-26.207],"ix":2},"a":{"a":0,"k":[0,0],"ix":1},"s":{"a":0,"k":[100,100],"ix":3},"r":{"a":0,"k":0,"ix":6},"o":{"a":0,"k":100,"ix":7},"sk":{"a":0,"k":0,"ix":4},"sa":{"a":0,"k":0,"ix":5},"nm":"Transform"}],"nm":"Body","np":2,"cix":2,"bm":0,"ix":1,"mn":"ADBE Vector Group","hd":false}],"ip":45.0000018328876,"op":60.0000024438501,"st":-25.0000010182709,"ct":1,"bm":0},{"ddd":0,"ind":5,"ty":4,"nm":"Body","sr":1,"ks":{"o":{"a":0,"k":100,"ix":11},"r":{"a":0,"k":0,"ix":10},"p":{"a":1,"k":[{"i":{"x":0.481,"y":1},"o":{"x":0.328,"y":0},"t":0,"s":[800,600,0],"to":[0,0,0],"ti":[0,0,0]},{"i":{"x":0.554,"y":0.98},"o":{"x":0.238,"y":0},"t":1,"s":[800,616,0],"to":[0,0,0],"ti":[0,0,0]},{"i":{"x":0.607,"y":0.971},"o":{"x":0.278,"y":0.016},"t":2,"s":[800,578.789,0],"to":[0,0,0],"ti":[0,0,0]},{"i":{"x":0.627,"y":0.967},"o":{"x":0.296,"y":0.038},"t":3,"s":[800,607.797,0],"to":[0,0,0],"ti":[0,0,0]},{"i":{"x":0.637,"y":0.986},"o":{"x":0.305,"y":0.014},"t":4,"s":[800,591.021,0],"to":[0,0,0],"ti":[0,0,0]},{"i":{"x":0.643,"y":0.984},"o":{"x":0.31,"y":0.01},"t":5.001,"s":[800,623.358,0],"to":[0,0,0],"ti":[0,0,0]},{"i":{"x":0.647,"y":0.98},"o":{"x":0.314,"y":0.019},"t":6,"s":[800,584.834,0],"to":[0,0,0],"ti":[0,0,0]},{"i":{"x":0.658,"y":0.964},"o":{"x":0.325,"y":0.035},"t":7,"s":[800,614.556,0],"to":[0,0,0],"ti":[0,0,0]},{"i":{"x":0.479,"y":0.988},"o":{"x":0.134,"y":0.018},"t":8,"s":[800,598.715,0],"to":[0,0,0],"ti":[0,0,0]},{"i":{"x":0,"y":1},"o":{"x":0.16,"y":0.003},"t":9,"s":[800,586.276,0],"to":[0,0,0],"ti":[0,0,0]},{"i":{"x":0.576,"y":0.576},"o":{"x":0.328,"y":0.328},"t":10,"s":[800,600,0],"to":[0,0,0],"ti":[0,0,0]},{"i":{"x":0,"y":0},"o":{"x":0.167,"y":0.167},"t":21,"s":[800,600,0],"to":[0,0,0],"ti":[0,0,0]},{"t":30.0000012219251,"s":[800,600,0]}],"ix":2,"l":2},"a":{"a":0,"k":[-42.299,-51.034,0],"ix":1,"l":2},"s":{"a":0,"k":[100,100,100],"ix":6,"l":2}},"ao":0,"shapes":[{"ty":"gr","it":[{"ind":0,"ty":"sh","ix":1,"ks":{"a":1,"k":[{"i":{"x":0,"y":1},"o":{"x":0.167,"y":0},"t":0,"s":[{"i":[[0,0],[0,0],[0,0],[0,0],[0,0],[0,0]],"o":[[0,0],[0,0],[0,0],[0,0],[0,0],[0,0]],"v":[[0.065,0.08],[0.21,0.057],[0.232,0.054],[0.218,0.047],[0.007,-0.048],[0.018,0.041]],"c":true}]},{"i":{"x":0,"y":1},"o":{"x":0.05,"y":0},"t":10,"s":[{"i":[[-133.056,0],[-34.585,-110.471],[0,-30.249],[4.774,-17.98],[112.651,0],[0,133.056]],"o":[[102.807,0],[10.176,32.504],[0,20.405],[-26.357,99.263],[-133.056,0],[0,-133.056]],"v":[[0.029,-313.92],[225.17,-95.473],[240.92,0],[233.609,57.64],[0.028,217.264],[-240.92,0]],"c":true}]},{"i":{"x":0,"y":1},"o":{"x":0.167,"y":0},"t":21,"s":[{"i":[[-133.056,0],[-34.592,-90.655],[0,-30.249],[4.775,-16.944],[112.651,0],[0,133.056]],"o":[[102.807,0],[10.178,26.673],[0,20.405],[-26.363,93.547],[-133.056,0],[0,-133.056]],"v":[[0,-240.92],[225.167,-85.869],[240.92,0],[233.608,55.994],[0,191.264],[-240.92,0]],"c":true}]},{"i":{"x":0,"y":1},"o":{"x":0.167,"y":0},"t":24.858,"s":[{"i":[[-133.056,0],[-34.592,-90.655],[0,-30.249],[4.775,-16.944],[112.651,0],[0,133.056]],"o":[[102.807,0],[10.178,26.673],[0,20.405],[-26.363,93.547],[-133.056,0],[0,-133.056]],"v":[[0,-240.92],[225.167,-85.869],[240.92,0],[233.608,55.994],[0,191.264],[-240.92,0]],"c":true}]},{"t":30.0000012219251,"s":[{"i":[[-133.056,0],[-34.158,-91.513],[0,-29.634],[4.21,-16.079],[113.935,0],[0,133.056]],"o":[[103.422,0],[9.787,26.221],[0,19.121],[-25.084,95.809],[-133.056,0],[0,-133.056]],"v":[[0,-240.92],[225.782,-84.239],[240.92,0],[234.482,52.775],[0,191.264],[-240.92,0]],"c":true}]}],"ix":2},"nm":"Path 1","mn":"ADBE Vector Shape - Group","hd":false},{"ty":"gf","o":{"a":0,"k":100,"ix":10},"r":1,"bm":0,"g":{"p":3,"k":{"a":0,"k":[0,0,0.801,0.967,0.5,0.498,0.491,0.872,1,0.996,0.18,0.776],"ix":9}},"s":{"a":0,"k":[3,-245],"ix":5},"e":{"a":0,"k":[-3,223],"ix":6},"t":2,"h":{"a":0,"k":0,"ix":7},"a":{"a":0,"k":0,"ix":8},"nm":"Gradient Fill 1","mn":"ADBE Vector Graphic - G-Fill","hd":false},{"ty":"tr","p":{"a":0,"k":[-42.299,-26.207],"ix":2},"a":{"a":0,"k":[0,0],"ix":1},"s":{"a":0,"k":[100,100],"ix":3},"r":{"a":0,"k":0,"ix":6},"o":{"a":0,"k":100,"ix":7},"sk":{"a":0,"k":0,"ix":4},"sa":{"a":0,"k":0,"ix":5},"nm":"Transform"}],"nm":"Body","np":2,"cix":2,"bm":0,"ix":1,"mn":"ADBE Vector Group","hd":false}],"ip":0,"op":45.0000018328876,"st":0,"ct":1,"bm":0}]}],"layers":[{"ddd":0,"ind":1,"ty":3,"nm":"Null 1","sr":1,"ks":{"o":{"a":0,"k":0,"ix":11},"r":{"a":0,"k":0,"ix":10},"p":{"a":0,"k":[800,860,0],"ix":2,"l":2},"a":{"a":0,"k":[0,0,0],"ix":1,"l":2},"s":{"a":0,"k":[120,120,100],"ix":6,"l":2}},"ao":0,"ip":0,"op":120.0000048877,"st":0,"bm":0},{"ddd":0,"ind":2,"ty":0,"nm":"Composit","parent":1,"refId":"comp_0","sr":0.6700000166893,"ks":{"o":{"a":0,"k":100,"ix":11},"r":{"a":0,"k":0,"ix":10},"p":{"a":1,"k":[{"i":{"x":0.75,"y":1},"o":{"x":0.25,"y":0},"t":0,"s":[0,0,0],"to":[0,0,0],"ti":[0,0,0]},{"i":{"x":0.75,"y":1},"o":{"x":0.25,"y":0},"t":15,"s":[0,-50,0],"to":[0,0,0],"ti":[0,0,0]},{"i":{"x":0.75,"y":1},"o":{"x":0.25,"y":0},"t":30,"s":[0,0,0],"to":[0,0,0],"ti":[0,0,0]},{"i":{"x":0.75,"y":1},"o":{"x":0.25,"y":0},"t":46,"s":[0,-50,0],"to":[0,0,0],"ti":[0,0,0]},{"i":{"x":0.75,"y":1},"o":{"x":0.25,"y":0},"t":60,"s":[0,0,0],"to":[0,0,0],"ti":[0,0,0]},{"i":{"x":0.75,"y":1},"o":{"x":0.25,"y":0},"t":76,"s":[0,-50,0],"to":[0,0,0],"ti":[0,0,0]},{"i":{"x":0.75,"y":1},"o":{"x":0.25,"y":0},"t":90,"s":[0,0,0],"to":[0,0,0],"ti":[0,0,0]},{"i":{"x":0.75,"y":1},"o":{"x":0.25,"y":0},"t":105,"s":[0,-50,0],"to":[0,0,0],"ti":[0,0,0]},{"t":119.000384077961,"s":[0,0,0]}],"ix":2,"l":2},"a":{"a":0,"k":[800,600,0],"ix":1,"l":2},"s":{"a":0,"k":[100,100,100],"ix":6,"l":2}},"ao":0,"w":1600,"h":1200,"ip":0,"op":120.600007916213,"st":0,"bm":0},{"ddd":0,"ind":3,"ty":4,"nm":"Shadow","parent":1,"sr":1,"ks":{"o":{"a":0,"k":100,"ix":11},"r":{"a":0,"k":0,"ix":10},"p":{"a":0,"k":[0,298.5,0],"ix":2,"l":2},"a":{"a":0,"k":[89.5,280.5,0],"ix":1,"l":2},"s":{"a":0,"k":[100,100,100],"ix":6,"l":2}},"ao":0,"shapes":[{"ty":"gr","it":[{"d":1,"ty":"el","s":{"a":0,"k":[489,489],"ix":2},"p":{"a":0,"k":[0,0],"ix":3},"nm":"Ellipse Path 1","mn":"ADBE Vector Shape - Ellipse","hd":false},{"ty":"gf","o":{"a":0,"k":100,"ix":10},"r":1,"bm":0,"g":{"p":3,"k":{"a":0,"k":[0,0,0,0,0.5,0.026,0.133,0.297,1,0.051,0.266,0.594,0,0.15,0.5,0.075,1,0],"ix":9}},"s":{"a":0,"k":[0,0],"ix":5},"e":{"a":0,"k":[158.578,0],"ix":6},"t":2,"h":{"a":0,"k":0,"ix":7},"a":{"a":0,"k":0,"ix":8},"nm":"Gradient Fill 1","mn":"ADBE Vector Graphic - G-Fill","hd":false},{"ty":"tr","p":{"a":0,"k":[89.5,280.5],"ix":2},"a":{"a":0,"k":[0,0],"ix":1},"s":{"a":0,"k":[269.782,32.075],"ix":3},"r":{"a":0,"k":0,"ix":6},"o":{"a":0,"k":100,"ix":7},"sk":{"a":0,"k":0,"ix":4},"sa":{"a":0,"k":0,"ix":5},"nm":"Transform"}],"nm":"Ellipse 1","np":3,"cix":2,"bm":0,"ix":1,"mn":"ADBE Vector Group","hd":false}],"ip":0,"op":121.000004928431,"st":0,"ct":1,"bm":0}],"markers":[]}